2026-05-14 21:32:57,133 [INFO] Loaded 1171 unique URL(s) from 220 parsed JSON file(s)
2026-05-14 21:32:57,133 [INFO] Proxy configured: http://proxy.smartproxy.net:3120 (authenticated: yes)
2026-05-14 21:32:57,314 [INFO] [1/1171] Skip (exists): article_44185ff778f435d055d2ede0844bb04f.html ← https://www.cnbc.com/2026/05/06/iran-war-jet-fuel-europe-asia-summer-f...
2026-05-14 21:32:57,314 [INFO] [2/1171] Skip (exists): article_ea08c7515c4fd32b88cce63144c77d64.html ← https://www.marketplace.org/story/2026/05/06/checking-in-on-demand-des...
2026-05-14 21:32:57,314 [INFO] [3/1171] Fetching article: https://www.aljazeera.com/economy/2026/5/6/airlines-hike-fares-cut-mil...
2026-05-14 21:33:05,724 [INFO] ✓ Saved HTML to article_5da4fba6bdf9b9940e21c0883cd1106b.html
2026-05-14 21:33:12,090 [INFO] [4/1171] Fetching article: https://www.reuters.com/business/energy/oil-supply-shock-worsen-invent...
2026-05-14 21:33:18,345 [INFO] ✓ Saved HTML to article_6982b7f0c6844b77f9d4163902a3ea1b.html
2026-05-14 21:33:22,262 [INFO] [5/1171] Fetching article: https://www.thewealthadvisor.com/article/air-travel-poised-become-more...
2026-05-14 21:33:32,144 [INFO] ✓ Saved HTML to article_d36d8b052d4ce997ce0e5494b24810f5.html
--: setsid: command not found
2026-05-14 21:33:37,334 [INFO] [6/1171] Fetching article: https://www.nationthailand.com/news/general/40065959...
2026-05-14 21:33:48,617 [INFO] Loaded 1171 unique URL(s) from 220 parsed JSON file(s)
2026-05-14 21:33:48,617 [INFO] Proxy configured: http://proxy.smartproxy.net:3120 (authenticated: yes)
2026-05-14 21:33:48,788 [INFO] [1/1171] Skip (exists): article_44185ff778f435d055d2ede0844bb04f.html ← https://www.cnbc.com/2026/05/06/iran-war-jet-fuel-europe-asia-summer-f...
2026-05-14 21:33:48,788 [INFO] [2/1171] Skip (exists): article_ea08c7515c4fd32b88cce63144c77d64.html ← https://www.marketplace.org/story/2026/05/06/checking-in-on-demand-des...
2026-05-14 21:33:48,788 [INFO] [3/1171] Skip (exists): article_5da4fba6bdf9b9940e21c0883cd1106b.html ← https://www.aljazeera.com/economy/2026/5/6/airlines-hike-fares-cut-mil...
2026-05-14 21:33:48,788 [INFO] [4/1171] Skip (exists): article_6982b7f0c6844b77f9d4163902a3ea1b.html ← https://www.reuters.com/business/energy/oil-supply-shock-worsen-invent...
2026-05-14 21:33:48,788 [INFO] [5/1171] Skip (exists): article_d36d8b052d4ce997ce0e5494b24810f5.html ← https://www.thewealthadvisor.com/article/air-travel-poised-become-more...
2026-05-14 21:33:48,788 [INFO] [6/1171] Fetching article: https://www.nationthailand.com/news/general/40065959...
2026-05-14 21:33:49,241 [INFO] ✓ Saved HTML to article_224efe61fbcb369867d2c01f50a6f873.html
2026-05-14 21:33:54,082 [INFO] [7/1171] Fetching article: https://247wallst.com/investing/2026/05/07/trump-admits-i-expected-oil...
node:events:486
      throw er; // Unhandled 'error' event
      ^

Error: write EPIPE
    at WriteWrap.onWriteComplete [as oncomplete] (node:internal/stream_base_commons:87:19)
Emitted 'error' event on Socket instance at:
    at emitErrorNT (node:internal/streams/destroy:170:8)
    at emitErrorCloseNT (node:internal/streams/destroy:129:3)
    at process.processTicksAndRejections (node:internal/process/task_queues:90:21) {
  errno: -32,
  code: 'EPIPE',
  syscall: 'write'
}

Node.js v24.14.1
2026-05-14 21:34:03,604 [INFO] ✓ Saved HTML to article_224efe61fbcb369867d2c01f50a6f873.html
2026-05-14 21:34:10,696 [INFO] [7/1171] Fetching article: https://247wallst.com/investing/2026/05/07/trump-admits-i-expected-oil...
2026-05-14 21:34:21,754 [INFO] ✓ Saved HTML to article_ab91104ce37ec2977f020339f6f8bf50.html
2026-05-14 21:34:27,790 [INFO] [8/1171] Fetching article: https://www.aol.com/articles/prediction-2-airline-stocks-rebound-10290...
2026-05-14 21:34:37,465 [INFO] ✓ Saved HTML to article_74ca9c6e6f2a947aafecac72455e6697.html
2026-05-14 21:34:44,714 [INFO] [9/1171] Fetching article: https://www.theglobeandmail.com/investing/markets/stocks/LUV/pressrele...
2026-05-14 21:35:04,521 [INFO] ✓ Saved HTML to article_35efcc4e90d859c074eab0e0596c6b85.html
2026-05-14 21:35:11,136 [INFO] [10/1171] Fetching article: https://stratnewsglobal.com/world-news/oil-crunch-expected-to-outlast-...
2026-05-14 21:35:23,394 [INFO] ✓ Saved HTML to article_8a1b70eca7ecc04b011da5669eb719c9.html
2026-05-14 21:35:28,681 [INFO] [11/1171] Fetching article: https://www.dw.com/en/syria-israel-strait-hormuz-iran-fuel-oil-prices/...
2026-05-14 21:35:35,160 [INFO] ✓ Saved HTML to article_83822aee2cc78701fd31b243459e0329.html
2026-05-14 21:35:42,812 [INFO] [12/1171] Fetching article: https://www.nytimes.com/live/2026/world/iran-war-trump-talks-pakistan...
2026-05-14 21:35:50,480 [INFO] ✓ Saved HTML to article_443e404e33fa57daf638b370f7585bd7.html
2026-05-14 21:35:53,809 [INFO] [13/1171] Fetching article: https://www.businesstimes.com.sg/companies-markets/energy-commodities/...
2026-05-14 21:36:05,228 [INFO] ✓ Saved HTML to article_90b2f6edbbe06551a982e11e4219ccdc.html
2026-05-14 21:36:11,407 [INFO] [14/1171] Fetching article: https://www.al-monitor.com/originals/2026/05/us-hits-china-linked-iran...
2026-05-14 21:36:19,818 [INFO] ✓ Saved HTML to article_0fa8a9e93c12ac81408fef918c6abeb3.html
2026-05-14 21:36:24,022 [INFO] [15/1171] Fetching article: https://www.msn.com/en-us/news/world/china-blocks-us-iran-sanctions-on...
2026-05-14 21:36:30,452 [INFO] ✓ Saved HTML to article_b258bbe4b50b0750547654cc342238a0.html
2026-05-14 21:36:35,885 [INFO] [16/1171] Fetching article: https://world.infonasional.com/chinese-refiners-slash-fuel-production...
2026-05-14 21:36:46,672 [INFO] ✓ Saved HTML to article_02887606e562a24c9ffe4d26ab9d9700.html
2026-05-14 21:36:50,600 [INFO] [17/1171] Fetching article: https://world.infonasional.com/china-refiners-cut-fuel-production...
2026-05-14 21:37:07,610 [INFO] ✓ Saved HTML to article_f322328ce00ad61beadb78108b1c3271.html
2026-05-14 21:37:12,069 [INFO] [18/1171] Skip (exists): article_0fa0abf20d9a99721c6a631158112eea.html ← https://www.theguardian.com/environment/2026/apr/15/big-oil-huge-war-w...
2026-05-14 21:37:12,070 [INFO] [19/1171] Skip (exists): article_b824ef1dc079b16520b34315e2436ed1.html ← https://globalventuring.com/corporate/energy-and-natural-resources/beh...
2026-05-14 21:37:12,070 [INFO] [20/1171] Fetching article: https://www.tradingview.com/news/eqs:87e296c30094b:0-kkr-forms-a-600m-...
2026-05-14 21:37:21,334 [INFO] ✓ Saved HTML to article_cd54d0198113fa2d3b9cb747fe7065c3.html
2026-05-14 21:37:25,973 [INFO] [21/1171] Skip (exists): article_8da8ae79c6511982726b78862d839d56.html ← https://www.energy-storage.news/kkr-commits-au603-million-to-hmc-capit...
2026-05-14 21:37:25,974 [INFO] [22/1171] Skip (exists): article_eb4540bad8f805e744f78bfe7a775312.html ← https://www.afr.com/companies/energy/kkr-deal-validates-hmc-s-transiti...
2026-05-14 21:37:25,974 [INFO] [23/1171] Skip (exists): article_c5c2d8324cc7e35e106c2ae5ee3433ef.html ← https://insideclimatenews.org/news/29012026/global-energy-transition-i...
2026-05-14 21:37:25,974 [INFO] [24/1171] Skip (exists): article_49eb759ad17aa8f85faa9481604c6a0f.html ← https://institute.global/insights/climate-and-energy/ai-and-clean-ener...
2026-05-14 21:37:25,974 [INFO] [25/1171] Fetching article: https://www.frontiersin.org/journals/sustainability/articles/10.3389/f...
2026-05-14 21:37:38,620 [INFO] ✓ Saved HTML to article_d9e83703461d9e8bbbca6ce43016c085.html
2026-05-14 21:37:44,728 [INFO] [26/1171] Fetching article: https://www.mckinsey.com/industries/electric-power-and-natural-gas/our...
2026-05-14 21:37:46,454 [WARNING] Failed (Attempt 1/3): Page.goto: net::ERR_HTTP2_PROTOCOL_ERROR at https://www.mckinsey.com/industries/electric-power-and-natural-gas/our-insights/how-oil-and-gas-companies-can-be-successful-in-renewable-power
Call log:
  - navigating to "https://www.mckinsey.com/industries/electric-power-and-natural-gas/our-insights/how-oil-and-gas-companies-can-be-successful-in-renewable-power", waiting until "domcontentloaded"

2026-05-14 21:37:57,232 [WARNING] Failed (Attempt 2/3): Page.goto: net::ERR_HTTP2_PROTOCOL_ERROR at https://www.mckinsey.com/industries/electric-power-and-natural-gas/our-insights/how-oil-and-gas-companies-can-be-successful-in-renewable-power
Call log:
  - navigating to "https://www.mckinsey.com/industries/electric-power-and-natural-gas/our-insights/how-oil-and-gas-companies-can-be-successful-in-renewable-power", waiting until "domcontentloaded"

2026-05-14 21:38:05,947 [WARNING] Failed (Attempt 3/3): Page.goto: net::ERR_HTTP2_PROTOCOL_ERROR at https://www.mckinsey.com/industries/electric-power-and-natural-gas/our-insights/how-oil-and-gas-companies-can-be-successful-in-renewable-power
Call log:
  - navigating to "https://www.mckinsey.com/industries/electric-power-and-natural-gas/our-insights/how-oil-and-gas-companies-can-be-successful-in-renewable-power", waiting until "domcontentloaded"

2026-05-14 21:38:12,598 [INFO] [27/1171] Fetching article: https://www.bain.com/insights/m-and-a-opportunities-in-the-energy-tran...
2026-05-14 21:38:25,653 [INFO] ✓ Saved HTML to article_51987d2c6904064538b22384adfbe1f3.html
2026-05-14 21:38:31,415 [INFO] [28/1171] Skip (exists): article_053c6dbf7ca5fee1b06a62db95fb41ad.html ← https://energynow.com/2026/02/saudi-arabia-crude-exports-fall-to-three...
2026-05-14 21:38:31,415 [INFO] [29/1171] Skip (exists): article_63653177d6026775947025054d58d50e.html ← https://www.dw.com/en/why-uaes-opec-exit-is-a-blow-to-saudi-arabia/a-7...
2026-05-14 21:38:31,415 [INFO] [30/1171] Skip (exists): article_a3cee6423b115e999084f57c0d20668c.html ← https://financialpost.com/pmn/business-pmn/saudi-economic-growth-slows...
2026-05-14 21:38:31,415 [INFO] [31/1171] Skip (exists): article_f002603d90e77be3930dd64fd90aeee4.html ← https://www.cfr.org/articles/the-uae-announces-exit-from-opec...
2026-05-14 21:38:31,415 [INFO] [32/1171] Skip (exists): article_44823ebc71efcacac7e56e0369c25e7b.html ← https://www.aljazeera.com/news/2026/4/29/uae-quits-opec-what-that-mean...
2026-05-14 21:38:31,415 [INFO] [33/1171] Skip (exists): article_3ddcb3fbe73892568eda37a3b33ce782.html ← https://moderndiplomacy.eu/2026/04/30/uae-exit-from-opec-raises-stakes...
2026-05-14 21:38:31,415 [INFO] [34/1171] Skip (exists): article_a3a356254e323babaa48b89b79e8b774.html ← https://www.cnbc.com/amp/2026/04/29/shocking-uae-exit-rocks-opec-but-g...
2026-05-14 21:38:31,415 [INFO] [35/1171] Skip (exists): article_54fb8813f95d4dfb7689c85dbd2a197f.html ← https://mei.edu/ar/publication/why-irans-oil-pain-does-not-guarantee-c...
2026-05-14 21:38:31,415 [INFO] [36/1171] Skip (exists): article_a8e319ba48ac251362e0c77f1586a960.html ← https://www.businesstimes.com.sg/international/saudi-economic-growth-s...
2026-05-14 21:38:31,415 [INFO] [37/1171] Skip (exists): article_94c88d316747794dfd4a9ce12d3a8f0f.html ← https://trtworld.com/article/895caa503bdd...
2026-05-14 21:38:31,415 [INFO] [38/1171] Fetching article: https://www.ft.com/content/e3f2767a-1da1-4669-ae8c-fe47b7a42896?syn-25...
2026-05-14 21:38:39,418 [INFO] ✓ Saved HTML to article_871d98ea16cea42551bcf60286cdadde.html
2026-05-14 21:38:44,459 [INFO] [39/1171] Fetching article: https://windward.ai/blog/one-month-into-the-ceasefire/...
2026-05-14 21:38:53,148 [INFO] ✓ Saved HTML to article_92d99ae61c39f2ab85c6efd20661a01f.html
2026-05-14 21:38:56,717 [INFO] [40/1171] Fetching article: https://www.washingtonpost.com/investigations/2026/05/07/iran-blockade...
2026-05-14 21:38:58,564 [WARNING] Failed (Attempt 1/3): Page.goto: net::ERR_HTTP2_PROTOCOL_ERROR at https://www.washingtonpost.com/investigations/2026/05/07/iran-blockade-oil-ship-transfers/
Call log:
  - navigating to "https://www.washingtonpost.com/investigations/2026/05/07/iran-blockade-oil-ship-transfers/", waiting until "domcontentloaded"

2026-05-14 21:39:05,223 [WARNING] Failed (Attempt 2/3): Page.goto: net::ERR_HTTP2_PROTOCOL_ERROR at https://www.washingtonpost.com/investigations/2026/05/07/iran-blockade-oil-ship-transfers/
Call log:
  - navigating to "https://www.washingtonpost.com/investigations/2026/05/07/iran-blockade-oil-ship-transfers/", waiting until "domcontentloaded"

2026-05-14 21:39:14,149 [WARNING] Failed (Attempt 3/3): Page.goto: net::ERR_HTTP2_PROTOCOL_ERROR at https://www.washingtonpost.com/investigations/2026/05/07/iran-blockade-oil-ship-transfers/
Call log:
  - navigating to "https://www.washingtonpost.com/investigations/2026/05/07/iran-blockade-oil-ship-transfers/", waiting until "domcontentloaded"

2026-05-14 21:39:20,580 [INFO] [41/1171] Fetching article: https://www.msn.com/en-ca/news/insight/iran-warns-of-heavy-retaliation...
2026-05-14 21:39:27,151 [INFO] ✓ Saved HTML to article_148cc21ac8e86ca891dba327eac3a345.html
2026-05-14 21:39:31,556 [INFO] [42/1171] Fetching article: https://www.argaam.com/en/article/articledetail/id/1903448...
2026-05-14 21:39:45,598 [INFO] ✓ Saved HTML to article_639a3bba0e6a37893eb4062559a34b07.html
2026-05-14 21:39:49,486 [INFO] [43/1171] Fetching article: https://discoveryalert.com.au/venezuela-oil-exports-rebound-heavy-crud...
2026-05-14 21:40:08,955 [INFO] ✓ Saved HTML to article_6172fc18b7526539374a7fa13ce9da0c.html
2026-05-14 21:40:16,012 [INFO] [44/1171] Fetching article: https://www.msn.com/en-in/news/other/crude-tankers-from-russia-liberia...
2026-05-14 21:40:21,091 [INFO] ✓ Saved HTML to article_c4f0ea7551b08023866cba79c3fb335c.html
2026-05-14 21:40:27,173 [INFO] [45/1171] Fetching article: https://discoveryalert.com.au/iran-seizes-sanctioned-oil-tanker-oman-o...
2026-05-14 21:40:44,905 [INFO] ✓ Saved HTML to article_f2ad5a165127ecbaab0d723582945cfe.html
2026-05-14 21:40:50,071 [INFO] [46/1171] Fetching article: https://discoveryalert.com.au/strait-hormuz-shipping-disruption-global...
2026-05-14 21:41:10,602 [INFO] ✓ Saved HTML to article_9ad687c30f29bebba990301269ffb07e.html
2026-05-14 21:41:15,998 [INFO] [47/1171] Fetching article: https://www.newser.com/aticles-market/What-Teekay-Tankers-TNK-disclose...
2026-05-14 21:41:25,171 [INFO] ✓ Saved HTML to article_2db51a591729aed4ec652fb0541e9c95.html
2026-05-14 21:41:31,670 [INFO] [48/1171] Fetching article: https://www.theafricareport.com/417378/the-dangote-effect-how-one-refi...
2026-05-14 21:41:41,390 [INFO] ✓ Saved HTML to article_aafa05ac1f1457359288171094d1ee72.html
2026-05-14 21:41:48,321 [INFO] [49/1171] Fetching article: https://africa.businessinsider.com/local/markets/kenya-secures-spot-on...
2026-05-14 21:41:58,871 [INFO] ✓ Saved HTML to article_6d0998f2ab35e402184731370b2cdc2f.html
2026-05-14 21:42:06,272 [INFO] [50/1171] Fetching article: https://punchng.com/dangote-exceeds-57m-barrels-in-jet-fuel-exports-re...
2026-05-14 21:42:16,519 [INFO] ✓ Saved HTML to article_cce7fdef19a30aa46c587c9df27279b7.html
2026-05-14 21:42:21,839 [INFO] [51/1171] Fetching article: https://www.arise.tv/chika-mbonu-china-refinery-deal-not-a-takeover-st...
2026-05-14 21:42:33,888 [INFO] ✓ Saved HTML to article_16ec1cef702534e992a60e9cdb7342ed.html
2026-05-14 21:42:38,635 [INFO] [52/1171] Fetching article: https://gazettengr.com/petan-urges-nigeria-oil-push-amid-opec-uncertai...
2026-05-14 21:42:52,525 [INFO] ✓ Saved HTML to article_abef86d8307cae6568d173a78472da60.html
2026-05-14 21:43:00,297 [INFO] [53/1171] Fetching article: https://www.thisdaylive.com/2026/05/07/dangote-to-extend-business-foot...
2026-05-14 21:43:54,816 [INFO] ✓ Saved HTML to article_1a8babebefa089d6275f5b11118c3762.html
2026-05-14 21:43:58,399 [INFO] [54/1171] Skip (exists): article_8354ecedff2e48b0f24eb8f51d03997d.html ← https://nairametrics.com/2026/05/06/dangote-refinery-denies-petrol-pri...
2026-05-14 21:43:58,400 [INFO] [55/1171] Fetching article: https://www.financialfortunemedia.com/report-oil-shock-squeezes-africa...
2026-05-14 21:44:48,739 [INFO] ✓ Saved HTML to article_32f25bd41026dc8bd9cc864ede5939ae.html
2026-05-14 21:44:55,180 [INFO] [56/1171] Skip (exists): article_1d3606348e1a75e0de751635e3d414f1.html ← https://ttybrandafrica.com/dangote-refinery-india-china-africa-challen...
2026-05-14 21:44:55,180 [INFO] [57/1171] Skip (exists): article_0b2f122209d457490539388682134eeb.html ← https://citizen.digital/article/diplomatic-blunder-as-suluhu-openly-re...
2026-05-14 21:44:55,180 [INFO] [58/1171] Fetching article: https://www.justsecurity.org/137924/early-edition-may-4-2026/...
2026-05-14 21:45:43,421 [INFO] ✓ Saved HTML to article_e2714c8e9ec64f0edb1349f0ac4eed5b.html
2026-05-14 21:45:47,827 [INFO] [59/1171] Skip (exists): article_865098fd1c782aab46019d29e464aff3.html ← https://www.nytimes.com/live/2026/04/10/world/iran-war-trump-israel-le...
2026-05-14 21:45:47,827 [INFO] [60/1171] Skip (exists): article_a3f5db2904d2b15d80ffed2746fb8f3b.html ← https://www.aljazeera.com/news/2026/5/3/trump-says-us-will-help-free-u...
2026-05-14 21:45:47,827 [INFO] [61/1171] Skip (exists): article_0ed5077c7a905507a752836eebdef0e4.html ← https://www.reuters.com/world/asia-pacific/trump-says-us-help-ships-st...
2026-05-14 21:45:47,827 [INFO] [62/1171] Fetching article: https://www.thetimes.com/us/news-today/article/iran-war-trump-choose-m...
2026-05-14 21:45:53,542 [INFO] ✓ Saved HTML to article_b889e7ae2b6e00eac7b84717642cf3c3.html
2026-05-14 21:45:58,472 [INFO] [63/1171] Fetching article: https://cryptobriefing.com/iran-conflict-escalates-oil-prices-expected...
2026-05-14 21:46:06,988 [INFO] ✓ Saved HTML to article_df492f8b362da6a5e589c26f008a98ab.html
2026-05-14 21:46:13,785 [INFO] [64/1171] Fetching article: https://www.jpost.com/opinion/article-894736...
2026-05-14 21:46:21,368 [INFO] ✓ Saved HTML to article_c608d5890183320a2c5824fe7fb0ca61.html
2026-05-14 21:46:25,707 [INFO] [65/1171] Fetching article: https://oilprice.com/Energy/Energy-General/Inside-the-Moscow-Meeting-T...
2026-05-14 21:46:38,154 [INFO] ✓ Saved HTML to article_61b6bad41d6edb010ad80a39fd39e3c0.html
2026-05-14 21:46:44,751 [INFO] [66/1171] Fetching article: https://www.trtworld.com/article/83241dcd673d...
2026-05-14 21:46:51,831 [INFO] ✓ Saved HTML to article_ab3c51b6c6ae3e100a439732373195da.html
2026-05-14 21:46:54,946 [INFO] [67/1171] Fetching article: https://en.yenisafak.com/world/iran-drafts-hormuz-strait-rules-to-ban-...
2026-05-14 21:46:59,350 [INFO] ✓ Saved HTML to article_252bbef22517bff5c9000214581188a7.html
2026-05-14 21:47:03,548 [INFO] [68/1171] Fetching article: https://www.aljazeera.com/economy/2026/5/7/what-is-chinas-anti-sanctio...
2026-05-14 21:47:10,184 [INFO] ✓ Saved HTML to article_4fa7bf5726ee12db44e408f984b7dec3.html
2026-05-14 21:47:15,080 [INFO] [69/1171] Fetching article: https://www.middleeastmonitor.com/20260508-chinas-legal-shield-against...
2026-05-14 21:47:25,601 [INFO] ✓ Saved HTML to article_b9450d6b83a4022af337577743898c57.html
2026-05-14 21:47:28,635 [INFO] [70/1171] Fetching article: https://www.msn.com/en-us/money/markets/china-s-teapot-refiners-target...
2026-05-14 21:47:32,797 [INFO] ✓ Saved HTML to article_290be6bf38d6ec933856ddbd4204abf3.html
2026-05-14 21:47:35,979 [INFO] [71/1171] Fetching article: https://asiatimes.com/2026/05/trump-xi-summit-set-to-weigh-iran-oil-ta...
2026-05-14 21:47:37,418 [WARNING] Failed (Attempt 1/3): Page.goto: net::ERR_HTTP2_PROTOCOL_ERROR at https://asiatimes.com/2026/05/trump-xi-summit-set-to-weigh-iran-oil-taiwan-and-us-exports/
Call log:
  - navigating to "https://asiatimes.com/2026/05/trump-xi-summit-set-to-weigh-iran-oil-taiwan-and-us-exports/", waiting until "domcontentloaded"

2026-05-14 21:47:47,118 [WARNING] Failed (Attempt 2/3): Page.goto: net::ERR_HTTP2_PROTOCOL_ERROR at https://asiatimes.com/2026/05/trump-xi-summit-set-to-weigh-iran-oil-taiwan-and-us-exports/
Call log:
  - navigating to "https://asiatimes.com/2026/05/trump-xi-summit-set-to-weigh-iran-oil-taiwan-and-us-exports/", waiting until "domcontentloaded"

2026-05-14 21:47:57,261 [WARNING] Failed (Attempt 3/3): Page.goto: net::ERR_HTTP2_PROTOCOL_ERROR at https://asiatimes.com/2026/05/trump-xi-summit-set-to-weigh-iran-oil-taiwan-and-us-exports/
Call log:
  - navigating to "https://asiatimes.com/2026/05/trump-xi-summit-set-to-weigh-iran-oil-taiwan-and-us-exports/", waiting until "domcontentloaded"

2026-05-14 21:48:04,408 [INFO] [72/1171] Fetching article: https://table.media/en/china/professional-briefing/1319-beijing-deploy...
2026-05-14 21:48:23,576 [INFO] ✓ Saved HTML to article_6b5ffac6af872f874a8078a6885b3701.html
2026-05-14 21:48:27,271 [INFO] [73/1171] Fetching article: https://www.news18.com/world/china-pushes-back-on-us-curbs-against-tea...
2026-05-14 21:48:32,307 [INFO] ✓ Saved HTML to article_0173c3bcf9dcfc96422ad51eea125ed1.html
2026-05-14 21:48:35,942 [INFO] [74/1171] Fetching article: https://discoveryalert.com.au/brazil-asia-emergency-oil-supplier-china...
2026-05-14 21:49:35,992 [WARNING] Failed (Attempt 1/3): Page.goto: Timeout 60000ms exceeded.
Call log:
  - navigating to "https://discoveryalert.com.au/brazil-asia-emergency-oil-supplier-china-india-2026/", waiting until "domcontentloaded"

2026-05-14 21:49:56,236 [INFO] ✓ Saved HTML to article_1673a0e4e233946bf800294fef535fa5.html
2026-05-14 21:50:01,679 [INFO] [75/1171] Skip (exists): article_2e486ce43da8440dfb91acd1a3233532.html ← https://www.msn.com/en-us/news/world/china-makes-shock-move-against-us...
2026-05-14 21:50:01,680 [INFO] [76/1171] Skip (exists): article_76f41d78ffce5d6ffe8ea37c638f5c89.html ← https://www.iranintl.com/en/202605119201...
2026-05-14 21:50:01,680 [INFO] [77/1171] Skip (exists): article_bd73b37672d29dece6d7fb73155e0c39.html ← https://247wallst.com/investing/2026/05/10/iran-may-have-found-a-new-w...
2026-05-14 21:50:01,680 [INFO] [78/1171] Skip (exists): article_8a412862772656e18e93d030ff35aedd.html ← https://www.reuters.com/world/china/trump-rejects-irans-response-us-pe...
2026-05-14 21:50:01,680 [INFO] [79/1171] Skip (exists): article_4fd45bb63c19c7f1309d2503cf480610.html ← https://www.timesofisrael.com/liveblog_entry/irans-response-to-us-prop...
2026-05-14 21:50:01,680 [INFO] [80/1171] Fetching article: https://www.thetimes.com/business/companies-markets/article/saudi-aram...
2026-05-14 21:50:07,859 [INFO] ✓ Saved HTML to article_a688a2cf344d4d6f5dc877306f0174dd.html
2026-05-14 21:50:13,369 [INFO] [81/1171] Fetching article: https://www.counterfire.org/article/can-there-be-peace-between-iran-an...
2026-05-14 21:50:22,052 [INFO] ✓ Saved HTML to article_fe88366d5231641b3b6ca7f4bddad405.html
2026-05-14 21:50:27,043 [INFO] [82/1171] Fetching article: https://en.yenisafak.com/world/iran-sends-pakistan-its-response-to-us-...
2026-05-14 21:50:33,872 [INFO] ✓ Saved HTML to article_fe6b8ea9194b11572b93092f788aaee6.html
2026-05-14 21:50:40,439 [INFO] [83/1171] Fetching article: https://fathomjournal.org/a760ef63smm/927fc5f1-JBUgDDwAGgw2QQ0.html...
2026-05-14 21:50:50,391 [INFO] ✓ Saved HTML to article_f06273b1bd1ada0b88441125c2c06793.html
2026-05-14 21:50:55,424 [INFO] [84/1171] Fetching article: https://allisraelnews.com/tehran-issues-new-threats-against-american-i...
2026-05-14 21:51:07,529 [INFO] ✓ Saved HTML to article_9f8067ddca8b64bc87f31b0f22cd24a3.html
2026-05-14 21:51:12,302 [INFO] [85/1171] Fetching article: https://anewz.tv/middle-east-conflict/news/19990/trump-rejects-irans-r...
2026-05-14 21:51:21,003 [INFO] ✓ Saved HTML to article_7d17971f5090c5348a6c58e36cde6611.html
2026-05-14 21:51:28,856 [INFO] [86/1171] Skip (exists): article_7c09c3ac12eb3ba94cc565525fbb16ea.html ← https://www.channelstv.com/2026/05/02/dangote-refinery-begins-direct-j...
2026-05-14 21:51:28,856 [INFO] [87/1171] Fetching article: https://www.arise.tv/kelvin-emmanuel-opec-losing-relevance-as-global-p...
2026-05-14 21:51:39,112 [INFO] ✓ Saved HTML to article_ef3bb18388b5dc74c6cc4abf4fda179e.html
2026-05-14 21:51:44,864 [INFO] [88/1171] Fetching article: https://businessday.ng/aviation/article/dangote-supplies-aviation-fuel...
2026-05-14 21:51:56,319 [INFO] ✓ Saved HTML to article_908d62015fbfe993433a19b39c5baa04.html
2026-05-14 21:52:00,354 [INFO] [89/1171] Fetching article: https://www.thisdaylive.com/2026/05/03/again-middle-east-crisis-rattle...
2026-05-14 21:52:14,542 [INFO] ✓ Saved HTML to article_40901e0930f9082c956f9a8c8d3e8f8e.html
2026-05-14 21:52:21,330 [INFO] [90/1171] Fetching article: https://discoveryalert.com.au/us-iran-tensions-africa-refining-fuel-su...
2026-05-14 21:52:35,294 [INFO] ✓ Saved HTML to article_b895af19faba45cd54db9dd87641ab1b.html
2026-05-14 21:52:39,507 [INFO] [91/1171] Fetching article: https://businesspost.ng/general/nnpc-chinese-firm-in-talks-over-nigeri...
2026-05-14 21:52:51,105 [INFO] ✓ Saved HTML to article_d95187e12392c212f3bf2336893a79f8.html
2026-05-14 21:52:56,060 [INFO] [92/1171] Fetching article: https://dailypost.ng/2026/05/01/workers-day-nigerians-buy-petrol-at-n1...
2026-05-14 21:53:03,193 [INFO] ✓ Saved HTML to article_9aad49f761a360e1c20229601a695cce.html
2026-05-14 21:53:08,676 [INFO] [93/1171] Fetching article: https://freshangleng.com/41113/dangote-refinery-becomes-nigeria%E2%80%...
2026-05-14 21:53:18,130 [INFO] ✓ Saved HTML to article_fa8fa408753d7afd6d61c74a5f319899.html
2026-05-14 21:53:25,412 [INFO] [94/1171] Fetching article: https://www.legit.ng/business-economy/energy/1708077-nnpcl-raises-crud...
2026-05-14 21:53:33,953 [INFO] ✓ Saved HTML to article_e78712945a5ad9b176ae2bb8f38d6072.html
2026-05-14 21:53:38,745 [INFO] [95/1171] Fetching article: https://energynewsbeat.co/big-oil-companies/refinery-fire-in-new-orlea...
2026-05-14 21:53:52,284 [INFO] ✓ Saved HTML to article_6248bdb2599efeaaf266b5bb428715e5.html
2026-05-14 21:53:57,520 [INFO] [96/1171] Fetching article: https://www.ad-hoc-news.de/boerse/news/ueberblick/valero-energy-corp-s...
2026-05-14 21:54:10,848 [INFO] ✓ Saved HTML to article_dfccbdb345fcb31362dc3172cee85cd3.html
2026-05-14 21:54:18,790 [INFO] [97/1171] Fetching article: https://www.ad-hoc-news.de/boerse/news/ueberblick/marathon-petroleum-s...
2026-05-14 21:54:28,898 [INFO] ✓ Saved HTML to article_8878bae37f2a7a168f471b6b444832f4.html
2026-05-14 21:54:33,504 [INFO] [98/1171] Fetching article: https://energynow.com/2026/03/bp-locks-out-union-workers-at-its-midwes...
2026-05-14 21:54:42,971 [INFO] ✓ Saved HTML to article_e783a91aca0e9f28dbc24adb50d9da20.html
2026-05-14 21:54:50,154 [INFO] [99/1171] Fetching article: https://www.ad-hoc-news.de/boerse/news/ueberblick/motor-oil-hellas-cor...
2026-05-14 21:55:02,766 [INFO] ✓ Saved HTML to article_6b34eeb2e9f30add79099d8994085491.html
2026-05-14 21:55:09,975 [INFO] [100/1171] Fetching article: https://news.futunn.com/en/post/72848436/crude-oil-is-no-longer-the-pr...
2026-05-14 21:55:19,604 [INFO] ✓ Saved HTML to article_306d7cc77702256e98cf0d672f7b85d6.html
2026-05-14 21:55:23,617 [INFO] [101/1171] Fetching article: https://www.msn.com/en-us/money/markets/the-iran-war-has-broken-the-oi...
2026-05-14 21:55:29,619 [INFO] ✓ Saved HTML to article_49f76aa8e18c284c6f3cef309d37a77d.html
2026-05-14 21:55:36,661 [INFO] [102/1171] Fetching article: https://m.dailyhunt.in/news/india/english/the+core-epaper-thcore/marke...
2026-05-14 21:55:47,834 [INFO] ✓ Saved HTML to article_5fcb631459a2d070ad83b6b33c0ce7d2.html
2026-05-14 21:55:52,166 [INFO] [103/1171] Fetching article: https://www.msn.com/en-in/money/topstories/aviation-industry-sos-as-je...
2026-05-14 21:55:57,181 [INFO] ✓ Saved HTML to article_fffdcc1b980b6c17c14966ff99765221.html
2026-05-14 21:56:01,261 [INFO] [104/1171] Fetching article: http://www.newser.com/aticles-market/PARR-Par-shares-rally-34-despite-...
2026-05-14 21:56:10,253 [INFO] ✓ Saved HTML to article_d38f8bf0636a3686e1d60b0afc6c1598.html
2026-05-14 21:56:15,484 [INFO] [105/1171] Fetching article: https://www.agenzianova.com/en/news/Zawiya-refinery-in-Libya-shut-down...
2026-05-14 21:56:32,651 [INFO] ✓ Saved HTML to article_71c9a1717d6548a4a934deb9919960e9.html
2026-05-14 21:56:39,640 [INFO] [106/1171] Fetching article: https://www.agenzianova.com/en/news/Libya%3A-Zawiya-refinery-shut-down...
2026-05-14 21:57:39,687 [WARNING] Failed (Attempt 1/3): Page.goto: Timeout 60000ms exceeded.
Call log:
  - navigating to "https://www.agenzianova.com/en/news/Libya%3A-Zawiya-refinery-shut-down-after-clashes%3B-oil-port-evacuated/", waiting until "domcontentloaded"

2026-05-14 21:58:05,935 [INFO] ✓ Saved HTML to article_d22e29c9f087067ca94a9f6aa702de85.html
2026-05-14 21:58:10,175 [INFO] [107/1171] Skip (exists): article_12bee29c3b4dbbc3635dd9001e1f1024.html ← https://energynow.ca/2026/02/oil-prices-edge-lower-as-iea-reduces-dema...
2026-05-14 21:58:10,175 [INFO] [108/1171] Skip (exists): article_fac2827d47c2da912052fb4522e2d60f.html ← https://mondediplo.com/2026/05/02energy...
2026-05-14 21:58:10,175 [INFO] [109/1171] Skip (exists): article_d77aaf73e6b3f0c123b376565e178b7c.html ← https://www.msn.com/en-in/news/India/oil-supply-fell-by-10-million-bar...
2026-05-14 21:58:10,175 [INFO] [110/1171] Skip (exists): article_23022900d6636c070f7c237a811d53e4.html ← https://www.aol.com/articles/unprecedented-agreement-releases-emergenc...
2026-05-14 21:58:10,175 [INFO] [111/1171] Skip (exists): article_11dc5795115270cd99477bfc9fe58f24.html ← https://www.aa.com.tr/en/energy/general/iea-chief-warns-of-a-deepening...
2026-05-14 21:58:10,175 [INFO] [112/1171] Skip (exists): article_dc7314b2e513a0a7c59b22ceb0b4cea9.html ← https://energynow.com/2026/02/oil-prices-set-for-another-weekly-declin...
2026-05-14 21:58:10,175 [INFO] [113/1171] Skip (exists): article_9c16db6e6dfe09146116c140e3ddc89d.html ← https://gcaptain.com/iran-war-is-supercharging-the-energy-transition-u...
2026-05-14 21:58:10,176 [INFO] [114/1171] Skip (exists): article_d11c01802200ff613f2eb6b69fe72e7f.html ← https://energynow.ca/2026/02/global-oil-demand-to-rise-more-slowly-as-...
2026-05-14 21:58:10,176 [INFO] [115/1171] Skip (exists): article_5ab51b35fb5af77db72e9cd744535745.html ← https://cryptorank.io/es/news/feed/ce4e4-wti-price-forecast-crude-oil...
2026-05-14 21:58:10,176 [INFO] [116/1171] Skip (exists): article_f6628f00340cd24860cac15755813700.html ← https://energynow.com/2026/03/us-loans-45-2-million-barrels-of-strateg...
2026-05-14 21:58:10,176 [INFO] [117/1171] Skip (exists): article_fc65bc72d4f224ea202cfc6a2bda13b7.html ← https://oilprice.com/Energy/Crude-Oil/Trump-Could-Tap-Oil-under-US-Mil...
2026-05-14 21:58:10,176 [INFO] [118/1171] Skip (exists): article_86dc1cf0bf716ee90e41ccd5fc16bb35.html ← https://fortune.com/2026/05/09/iran-war-is-global-oil-stockpile-reserv...
2026-05-14 21:58:10,176 [INFO] [119/1171] Skip (exists): article_82733cdc072e2de53476a4b7729da819.html ← https://www.foreignpolicyjournal.com/2026/05/10/white-house-considers-...
2026-05-14 21:58:10,176 [INFO] [120/1171] Fetching article: https://www.aol.com/schumer-once-blocked-trumps-move-172221959.html...
2026-05-14 21:58:18,766 [INFO] ✓ Saved HTML to article_dcceba6c9bcdcd2b06157aba777a6e0e.html
2026-05-14 21:58:23,106 [INFO] [121/1171] Fetching article: https://discoveryalert.com.au/trump-oil-military-bases-strategic-petro...
2026-05-14 21:58:40,199 [INFO] ✓ Saved HTML to article_f3eb4841137690d5627403f8f39a66fd.html
2026-05-14 21:58:43,385 [INFO] [122/1171] Fetching article: https://energynow.com/2026/03/us-oil-loan-from-emergency-reserve-depen...
2026-05-14 21:58:48,985 [INFO] ✓ Saved HTML to article_28198034d5b798a472db6b44eb4feda7.html
2026-05-14 21:58:52,828 [INFO] [123/1171] Fetching article: https://www.foxnews.com/media/energy-secretary-wright-says-trump-admin...
2026-05-14 21:58:57,654 [INFO] ✓ Saved HTML to article_4b1d246bf661abed55615207c54fc578.html
2026-05-14 21:59:02,329 [INFO] [124/1171] Fetching article: https://www.todayville.com/canadas-embarrassing-oil-vulnerability-expo...
2026-05-14 21:59:12,242 [INFO] ✓ Saved HTML to article_9b77749169fac13894a33e14c307febd.html
2026-05-14 21:59:18,891 [INFO] [125/1171] Fetching article: https://www.tipranks.com/news/commodities/trump-mulls-tapping-oil-unde...
2026-05-14 21:59:23,469 [INFO] ✓ Saved HTML to article_844651c06895af6f8dc1a5bd336850d8.html
2026-05-14 21:59:29,049 [INFO] [126/1171] Fetching article: https://asiatimes.com/2026/05/china-invokes-rules-to-blunt-us-sanction...
2026-05-14 21:59:33,975 [WARNING] Failed (Attempt 1/3): Page.goto: net::ERR_HTTP2_PROTOCOL_ERROR at https://asiatimes.com/2026/05/china-invokes-rules-to-blunt-us-sanctions-on-teapot-refiners/
Call log:
  - navigating to "https://asiatimes.com/2026/05/china-invokes-rules-to-blunt-us-sanctions-on-teapot-refiners/", waiting until "domcontentloaded"

2026-05-14 21:59:45,607 [WARNING] Failed (Attempt 2/3): Page.goto: net::ERR_HTTP2_PROTOCOL_ERROR at https://asiatimes.com/2026/05/china-invokes-rules-to-blunt-us-sanctions-on-teapot-refiners/
Call log:
  - navigating to "https://asiatimes.com/2026/05/china-invokes-rules-to-blunt-us-sanctions-on-teapot-refiners/", waiting until "domcontentloaded"

2026-05-14 21:59:55,550 [WARNING] Failed (Attempt 3/3): Page.goto: net::ERR_HTTP2_PROTOCOL_ERROR at https://asiatimes.com/2026/05/china-invokes-rules-to-blunt-us-sanctions-on-teapot-refiners/
Call log:
  - navigating to "https://asiatimes.com/2026/05/china-invokes-rules-to-blunt-us-sanctions-on-teapot-refiners/", waiting until "domcontentloaded"

2026-05-14 22:00:02,814 [INFO] [127/1171] Fetching article: https://www.nytimes.com/2026/05/04/us/politics/us-china-iranian-oil-sa...
2026-05-14 22:00:10,134 [INFO] ✓ Saved HTML to article_c50b8542f05fa485f8778c2b8293eb9b.html
2026-05-14 22:00:16,969 [INFO] [128/1171] Fetching article: https://oilprice.com/Latest-Energy-News/World-News/China-Orders-Refine...
2026-05-14 22:00:28,424 [INFO] ✓ Saved HTML to article_329c58d791e64bd31692c8e14675bcaf.html
2026-05-14 22:00:33,307 [INFO] [129/1171] Fetching article: https://www.msn.com/en-us/news/insight/china-invokes-blocking-rule-to-...
2026-05-14 22:00:43,720 [INFO] ✓ Saved HTML to article_21b7340323f9f549b85b80f9c642c196.html
2026-05-14 22:00:48,481 [INFO] [130/1171] Fetching article: https://www.inkl.com/news/china-has-a-welcome-mat-for-trump-it-just-re...
2026-05-14 22:01:19,000 [WARNING] Failed (Attempt 1/3): Page.goto: net::ERR_TIMED_OUT at https://www.inkl.com/news/china-has-a-welcome-mat-for-trump-it-just-rewrote-the-rules-on-u-s-sanctions
Call log:
  - navigating to "https://www.inkl.com/news/china-has-a-welcome-mat-for-trump-it-just-rewrote-the-rules-on-u-s-sanctions", waiting until "domcontentloaded"

2026-05-14 22:01:33,937 [INFO] ✓ Saved HTML to article_a85ae4b9025b33e8b9c17a49ae02f4ad.html
2026-05-14 22:01:39,408 [INFO] [131/1171] Fetching article: https://businessday.ng/energy/article/economics-visibility-concerns-tr...
2026-05-14 22:02:09,334 [INFO] ✓ Saved HTML to article_3086915d07236c4a631ac2e669e6983e.html
2026-05-14 22:02:12,430 [INFO] [132/1171] Fetching article: https://www.newsmax.com/newsfront/china-sanctions-refiners/2026/05/04/...
2026-05-14 22:02:51,354 [INFO] ✓ Saved HTML to article_20d6bbf4a1b4dd10ebe207560e0a2633.html
2026-05-14 22:02:55,277 [INFO] [133/1171] Skip (exists): article_c972212cbc98b43b1dee21b7f933cd7a.html ← https://www.breitbart.com/asia/2026/05/05/irans-foreign-minister-preem...
2026-05-14 22:02:55,277 [INFO] [134/1171] Fetching article: https://www.msn.com/en-us/money/markets/china-blocks-us-sanctions-agai...
2026-05-14 22:03:01,317 [INFO] ✓ Saved HTML to article_e8c5679e99a40f9c52ee8f80839a8805.html
2026-05-14 22:03:05,295 [INFO] [135/1171] Fetching article: https://www.businesswire.com/news/home/20260205961730/en/KKR-Forms-A%2...
2026-05-14 22:03:09,826 [INFO] ✓ Saved HTML to article_e4c29f16e7586bfa5016ed8b8655657e.html
2026-05-14 22:03:14,155 [INFO] [136/1171] Skip (exists): article_7b3c4612dc72415402c3a47ff95daa9c.html ← https://www.al-monitor.com/originals/2025/07/oman-launches-200m-clean-...
2026-05-14 22:03:14,155 [INFO] [137/1171] Skip (exists): article_6c3b065d5f1e679f6ad77922b143abcd.html ← https://www.theaustralian.com.au/business/aviation/how-a-strategic-cho...
2026-05-14 22:03:14,155 [INFO] [138/1171] Skip (exists): article_08ff3de971c43d7f352887df4d7d4eab.html ← https://www.qcintel.com/article/west-of-suez-crude-slips-ebob-cracks-a...
2026-05-14 22:03:14,155 [INFO] [139/1171] Skip (exists): article_cbf0c293c9443bb27202b0ad7495d173.html ← https://www.republicworld.com/business/air-india-to-slash-100-daily-fl...
2026-05-14 22:03:14,155 [INFO] [140/1171] Skip (exists): article_0542aecd2454b512087afc7f7112d14d.html ← https://www.theglobeandmail.com/investing/markets/stocks/DINO/pressrel...
2026-05-14 22:03:14,155 [INFO] [141/1171] Skip (exists): article_1b03d045c859b89152cebd4c0c8fddf9.html ← https://businessday.ng/aviation/article/dangote-supplies-aviation-fuel...
2026-05-14 22:03:14,155 [INFO] [142/1171] Skip (exists): article_64700af6d12d41a237d6d8c05b7a4ce1.html ← https://www.marketbeat.com/instant-alerts/cvr-energy-q1-earnings-call-...
2026-05-14 22:03:14,155 [INFO] [143/1171] Skip (exists): article_a59f6a5ecc578c294a78b86468e95a18.html ← https://www.stocktitan.net/sec-filings/DINO/10-q-hf-sinclair-corp-quar...
2026-05-14 22:03:14,155 [INFO] [144/1171] Skip (exists): article_0a5e6147f65ab3aeb718c3d5c6a63ef3.html ← https://bioenergytimes.com/iata-warns-of-jet-fuel-shortages-across-asi...
2026-05-14 22:03:14,155 [INFO] [145/1171] Skip (exists): article_dfc755678149f89d55a02f70084c4d4c.html ← https://www.fibre2fashion.com/news/energy-news/brazil-s-petrobras-hits...
2026-05-14 22:03:14,155 [INFO] [146/1171] Fetching article: https://www.msn.com/en-in/news/India/iran-war-trump-sanctions-waiver-o...
2026-05-14 22:03:20,449 [INFO] ✓ Saved HTML to article_c34a11cb26521eaf5c32ba87dca33ed5.html
2026-05-14 22:03:23,527 [INFO] [147/1171] Fetching article: https://finance.yahoo.com/sectors/energy/articles/crude-oil-prices-edg...
2026-05-14 22:03:35,517 [INFO] ✓ Saved HTML to article_0f7cd880f74a9ffdada650c2e1963f36.html
2026-05-14 22:03:39,970 [INFO] [148/1171] Fetching article: https://mronline.org/2026/05/09/the-price-india-paid-for-abandoning-ir...
2026-05-14 22:03:50,481 [INFO] ✓ Saved HTML to article_810c66c8be8cd9d055b6b58c52b9ed1d.html
2026-05-14 22:03:56,745 [INFO] [149/1171] Fetching article: https://www.litefinance.org/blog/analysts-opinions/oil-price-predictio...
2026-05-14 22:04:12,628 [INFO] ✓ Saved HTML to article_9d10a7691546332d766601c494cff8e8.html
2026-05-14 22:04:18,245 [INFO] [150/1171] Fetching article: https://invezz.com/news/2026/05/10/brent-crude-oil-forecast-as-iran-de...
2026-05-14 22:04:28,410 [INFO] ✓ Saved HTML to article_8cdebc53d1acd1b4667dccae9a8ce598.html
2026-05-14 22:04:31,846 [INFO] [151/1171] Fetching article: https://discoveryalert.com.au/ukraine-drone-strikes-russian-oil-facili...
2026-05-14 22:05:01,263 [INFO] ✓ Saved HTML to article_2fc4790bace9da0239f6500309eaaa32.html
2026-05-14 22:05:06,224 [INFO] [152/1171] Skip (exists): article_e64a95c9865a3df3b62d4d52cf5bd2a6.html ← https://www.msn.com/en-us/money/markets/most-undervalued-us-oil-and-ga...
2026-05-14 22:05:06,224 [INFO] [153/1171] Fetching article: https://uk.news.yahoo.com/20-rounds-sanctions-eu-finally-110111396.htm...
2026-05-14 22:05:12,109 [INFO] ✓ Saved HTML to article_bc4d207ec7430143566bd2849030e44e.html
2026-05-14 22:05:16,117 [INFO] [154/1171] Fetching article: https://www.moneycontrol.com/world/how-iranian-oil-is-still-reaching-b...
2026-05-14 22:05:20,828 [INFO] ✓ Saved HTML to article_2d3e39aa1f1aea75dc389cc2200f00fd.html
2026-05-14 22:05:28,449 [INFO] [155/1171] Fetching article: https://energynow.ca/2026/02/whats-the-status-of-international-oil-com...
2026-05-14 22:05:34,140 [INFO] ✓ Saved HTML to article_f186f1f6a7edaee59edfa4e5c5747a9f.html
2026-05-14 22:05:40,532 [INFO] [156/1171] Fetching article: https://discoveryalert.com.au/us-oil-rig-count-baker-hughes-2026-produ...
2026-05-14 22:05:53,653 [INFO] ✓ Saved HTML to article_07032da5d14972cef876c66c3a76dac8.html
2026-05-14 22:05:58,306 [INFO] [157/1171] Fetching article: https://www.ad-hoc-news.de/boerse/news/ueberblick/phx-energy-services-...
2026-05-14 22:06:07,655 [INFO] ✓ Saved HTML to article_40927c5a9fc9cff56bd56baea196fb9a.html
2026-05-14 22:06:14,859 [INFO] [158/1171] Fetching article: https://discoveryalert.com.au/oil-supply-crisis-us-drillers-production...
2026-05-14 22:06:30,689 [INFO] ✓ Saved HTML to article_5b88a398dbc037a47c2c360fd3ceedd9.html
2026-05-14 22:06:36,387 [INFO] [159/1171] Fetching article: https://oilprice.com/Energy/Energy-General/Why-US-Drillers-Cant-Solve-...
2026-05-14 22:06:44,818 [INFO] ✓ Saved HTML to article_de1077c9b88abedfd4f7982a290987be.html
2026-05-14 22:06:50,776 [INFO] [160/1171] Fetching article: https://www.tradingkey.com/analysis/stocks/us-stocks/261877036-oil-cri...
2026-05-14 22:06:59,227 [INFO] ✓ Saved HTML to article_4195850a9f3b4f30393f8a2cb14b6096.html
2026-05-14 22:07:04,734 [INFO] [161/1171] Fetching article: https://www.ad-hoc-news.de/boerse/news/ueberblick/pason-systems-stock-...
2026-05-14 22:07:13,420 [INFO] ✓ Saved HTML to article_0bc34d604f7cd4d8119b3066455687db.html
2026-05-14 22:07:18,104 [INFO] [162/1171] Fetching article: https://discoveryalert.com.au/bakken-enhanced-oil-recovery-co2-ai-doe-...
2026-05-14 22:07:40,443 [INFO] ✓ Saved HTML to article_9b6de876e0eab96c07e081e2a245b019.html
2026-05-14 22:07:46,968 [INFO] [163/1171] Fetching article: https://www.ad-hoc-news.de/boerse/news/ueberblick/coterra-energy-stock...
2026-05-14 22:07:57,943 [INFO] ✓ Saved HTML to article_310a12ce7589730eca7976c383ada344.html
2026-05-14 22:08:03,802 [INFO] [164/1171] Fetching article: https://discoveryalert.com.au/deepwater-oil-supply-growth-shale-econom...
2026-05-14 22:08:17,691 [INFO] ✓ Saved HTML to article_6ea797ae6866a6e0146f56546c1937f8.html
2026-05-14 22:08:23,459 [INFO] [165/1171] Fetching article: https://discoveryalert.com.au/chevron-vaca-muerta-investment-rigi-arge...
2026-05-14 22:08:37,606 [INFO] ✓ Saved HTML to article_606a27b5f023fb4e70506317b317a465.html
2026-05-14 22:08:42,258 [INFO] [166/1171] Fetching article: https://www.energy.gov/hgeo/opr/northeast-home-heating-oil-reserve...
2026-05-14 22:08:42,785 [WARNING] Failed (Attempt 1/3): Page.goto: net::ERR_TUNNEL_CONNECTION_FAILED at https://www.energy.gov/hgeo/opr/northeast-home-heating-oil-reserve
Call log:
  - navigating to "https://www.energy.gov/hgeo/opr/northeast-home-heating-oil-reserve", waiting until "domcontentloaded"

2026-05-14 22:08:52,521 [WARNING] Failed (Attempt 2/3): Page.goto: net::ERR_TUNNEL_CONNECTION_FAILED at https://www.energy.gov/hgeo/opr/northeast-home-heating-oil-reserve
Call log:
  - navigating to "https://www.energy.gov/hgeo/opr/northeast-home-heating-oil-reserve", waiting until "domcontentloaded"

2026-05-14 22:08:59,164 [WARNING] Failed (Attempt 3/3): Page.goto: net::ERR_TUNNEL_CONNECTION_FAILED at https://www.energy.gov/hgeo/opr/northeast-home-heating-oil-reserve
Call log:
  - navigating to "https://www.energy.gov/hgeo/opr/northeast-home-heating-oil-reserve", waiting until "domcontentloaded"

2026-05-14 22:09:05,411 [INFO] [167/1171] Fetching article: https://www.energy.gov/hgeo/opr/spr-key-program-events...
2026-05-14 22:09:05,952 [WARNING] Failed (Attempt 1/3): Page.goto: net::ERR_TUNNEL_CONNECTION_FAILED at https://www.energy.gov/hgeo/opr/spr-key-program-events
Call log:
  - navigating to "https://www.energy.gov/hgeo/opr/spr-key-program-events", waiting until "domcontentloaded"

2026-05-14 22:09:13,242 [WARNING] Failed (Attempt 2/3): Page.goto: net::ERR_TUNNEL_CONNECTION_FAILED at https://www.energy.gov/hgeo/opr/spr-key-program-events
Call log:
  - navigating to "https://www.energy.gov/hgeo/opr/spr-key-program-events", waiting until "domcontentloaded"

2026-05-14 22:09:22,753 [WARNING] Failed (Attempt 3/3): Page.goto: net::ERR_TUNNEL_CONNECTION_FAILED at https://www.energy.gov/hgeo/opr/spr-key-program-events
Call log:
  - navigating to "https://www.energy.gov/hgeo/opr/spr-key-program-events", waiting until "domcontentloaded"

2026-05-14 22:09:27,306 [INFO] [168/1171] Skip (exists): article_16fbe610fbf8e8d8f5141a0db725d717.html ← https://www.islamtimes.com/en/news/1279140/bloomberg-us-mulls-drilling...
2026-05-14 22:09:27,307 [INFO] [169/1171] Fetching article: https://www.reuters.com/business/energy/citi-says-oil-could-rise-furth...
2026-05-14 22:09:32,710 [INFO] ✓ Saved HTML to article_6fe8fdde508fc1aa966a465970b1e756.html
2026-05-14 22:09:36,822 [INFO] [170/1171] Fetching article: https://energynow.com/2026/03/north-dakota-operators-likely-to-increas...
2026-05-14 22:09:52,369 [INFO] ✓ Saved HTML to article_3d54ac7406e18d4baaf323fadfeec07d.html
2026-05-14 22:09:58,604 [INFO] [171/1171] Skip (exists): article_7cea73b8948b7987e4e4067cb003d5a1.html ← https://www.usatoday.com/story/money/economy/2026/05/06/record-high-oi...
2026-05-14 22:09:58,604 [INFO] [172/1171] Fetching article: https://www.fdd.org/analysis/2026/05/05/iraq-is-envisioning-new-oil-pi...
2026-05-14 22:10:08,064 [INFO] ✓ Saved HTML to article_7e067f4de4408f7088cb6fcb30f0eb36.html
2026-05-14 22:10:13,442 [INFO] [173/1171] Fetching article: https://www.megaproject.com/news/oilandgas/iraq-begins-work-on-1-5-bil...
2026-05-14 22:10:19,950 [INFO] ✓ Saved HTML to article_07de349140a4c30a48b4381b289c17b8.html
2026-05-14 22:10:24,636 [INFO] [174/1171] Fetching article: https://shafaq.com/en/Economy/Iraq-urged-to-rethink-oil-export-strateg...
2026-05-14 22:10:34,890 [INFO] ✓ Saved HTML to article_ae59dbf42d4ecc5a4e5e3b8aaf0252dd.html
2026-05-14 22:10:40,201 [INFO] [175/1171] Fetching article: https://www.kurdistan24.net/en/story/912580...
2026-05-14 22:10:46,645 [INFO] ✓ Saved HTML to article_46aa4cce177f3785d7c7ccfe071816ea.html
2026-05-14 22:10:53,852 [INFO] [176/1171] Fetching article: https://eadaily.com/en/news/2026/05/05/take-the-oil-yourself-iraq-offe...
2026-05-14 22:11:01,639 [INFO] ✓ Saved HTML to article_4f4c9184c07116addf007b9d524aa697.html
2026-05-14 22:11:07,527 [INFO] [177/1171] Fetching article: https://www.rudaw.net/english/kurdistan/070520261...
2026-05-14 22:11:15,889 [INFO] ✓ Saved HTML to article_82f7d7c95a52c0c5cfa85232ea9627a5.html
2026-05-14 22:11:23,085 [INFO] [178/1171] Fetching article: https://shafaq.com/en/Report/The-mediator-in-the-room-President-Barzan...
2026-05-14 22:11:33,182 [INFO] ✓ Saved HTML to article_f39d05e479d54d79336de63d35c2818d.html
2026-05-14 22:11:40,037 [INFO] [179/1171] Fetching article: https://www.rudaw.net/english/middleeast/iraq/060520263...
2026-05-14 22:11:51,135 [INFO] ✓ Saved HTML to article_f1df1d37ab9b58c8dac0ce54d28225d6.html
2026-05-14 22:11:55,526 [INFO] [180/1171] Fetching article: https://www.rudaw.net/english/analysis/06052026...
2026-05-14 22:12:03,718 [INFO] ✓ Saved HTML to article_fbc48373ba02c13055d530e1c24a45e0.html
2026-05-14 22:12:08,575 [INFO] [181/1171] Fetching article: https://weeklyvoice.com/shamaran-reports-first-quarter-2026-results/...
2026-05-14 22:12:16,659 [INFO] ✓ Saved HTML to article_01c60d5e8726e5f8035d2c736583085d.html
2026-05-14 22:12:22,466 [INFO] [182/1171] Fetching article: https://energymixweekender.substack.com/p/albertas-dead-pipeline-walki...
2026-05-14 22:12:31,352 [INFO] ✓ Saved HTML to article_f4a08c9ab2ee8f47d7c1c6038bb1f124.html
2026-05-14 22:12:39,053 [INFO] [183/1171] Fetching article: https://www.msn.com/en-in/money/topstories/russian-oil-sales-to-india-...
2026-05-14 22:12:44,033 [INFO] ✓ Saved HTML to article_c7708702b77aeb8ad2805ea8f25895ae.html
2026-05-14 22:12:51,285 [INFO] [184/1171] Fetching article: https://sfg.media/en/a/global-oil-inventories-war-iran-hormuz/...
2026-05-14 22:13:01,967 [INFO] ✓ Saved HTML to article_06157dbf93e91d52ba8a9ea4d142a7c9.html
2026-05-14 22:13:09,281 [INFO] [185/1171] Fetching article: https://energynow.ca/2026/02/suffocating-u-s-western-pressure-may-fina...
2026-05-14 22:13:13,771 [INFO] ✓ Saved HTML to article_56d478f8807d84947f0c7daea4ca3692.html
2026-05-14 22:13:20,049 [INFO] [186/1171] Fetching article: https://think.ing.com/snaps/taiwans-exports-see-a-rare-miss-in-april/...
2026-05-14 22:13:20,586 [WARNING] Failed (Attempt 1/3): Page.goto: net::ERR_TUNNEL_CONNECTION_FAILED at https://think.ing.com/snaps/taiwans-exports-see-a-rare-miss-in-april/
Call log:
  - navigating to "https://think.ing.com/snaps/taiwans-exports-see-a-rare-miss-in-april/", waiting until "domcontentloaded"

2026-05-14 22:13:30,811 [WARNING] Failed (Attempt 2/3): Page.goto: net::ERR_TUNNEL_CONNECTION_FAILED at https://think.ing.com/snaps/taiwans-exports-see-a-rare-miss-in-april/
Call log:
  - navigating to "https://think.ing.com/snaps/taiwans-exports-see-a-rare-miss-in-april/", waiting until "domcontentloaded"

2026-05-14 22:13:38,604 [WARNING] Failed (Attempt 3/3): Page.goto: net::ERR_TUNNEL_CONNECTION_FAILED at https://think.ing.com/snaps/taiwans-exports-see-a-rare-miss-in-april/
Call log:
  - navigating to "https://think.ing.com/snaps/taiwans-exports-see-a-rare-miss-in-april/", waiting until "domcontentloaded"

2026-05-14 22:13:44,512 [INFO] [187/1171] Fetching article: http://www.malaysiasun.com/news/279042050/world-oil-reserves-drain-at-...
2026-05-14 22:13:48,961 [INFO] ✓ Saved HTML to article_326827a4776814f14769aaf6931b224f.html
2026-05-14 22:13:52,370 [INFO] [188/1171] Fetching article: https://timesofindia.indiatimes.com/business/india-business/middle-eas...
2026-05-14 22:13:58,501 [INFO] ✓ Saved HTML to article_a0d00fc7de182bec8c9338e72b6c826a.html
2026-05-14 22:14:03,792 [INFO] [189/1171] Fetching article: https://m.economictimes.com/news/new-updates/india-may-soon-increase-e...
2026-05-14 22:14:12,770 [INFO] ✓ Saved HTML to article_3e8703598ec6a84afcb684953ba51696.html
2026-05-14 22:14:18,841 [INFO] [190/1171] Fetching article: https://www.deccanherald.com/opinion/dont-mistake-uaes-opec-exit-for-a...
2026-05-14 22:14:31,829 [INFO] ✓ Saved HTML to article_2fd25b49b2bcd8d2d864cea077a4308b.html
2026-05-14 22:14:38,519 [INFO] [191/1171] Fetching article: https://www.indianewsnetwork.com/en/indian-oil-firms-suffer-30-000-cro...
2026-05-14 22:14:50,366 [INFO] ✓ Saved HTML to article_77e2c6e7c5f29f226e0b65848b4984d7.html
2026-05-14 22:14:55,644 [INFO] [192/1171] Fetching article: https://www.ttnews.com/articles/gas-inventories-record-low...
2026-05-14 22:15:05,557 [INFO] ✓ Saved HTML to article_73c6f633d313219a2e1b7fd7ec0995b4.html
2026-05-14 22:15:10,912 [INFO] [193/1171] Fetching article: https://energynewsbeat.co/energy-crisis/europes-gas-market-braces-for-...
2026-05-14 22:15:24,542 [INFO] ✓ Saved HTML to article_0d627fdd191613ced44fda2ca3a657a6.html
2026-05-14 22:15:32,229 [INFO] [194/1171] Skip (exists): article_de1086ceb3df7d8d2ec3793d6a6ed97a.html ← https://seekingalpha.com/article/4899242-the-petroleum-inventory-crash...
2026-05-14 22:15:32,229 [INFO] [195/1171] Fetching article: https://corporate.exxonmobil.com/publications/advancing-climate-soluti...
2026-05-14 22:15:40,576 [INFO] ✓ Saved HTML to article_1238fcadf987b7293ffd861aca1c0688.html
2026-05-14 22:15:48,567 [INFO] [196/1171] Fetching article: https://ieefa.org/impact-middle-east-crisis-global-energy-markets...
2026-05-14 22:15:57,088 [INFO] ✓ Saved HTML to article_1cb53ee9cdfc82ee09d2ec7af69a6adf.html
2026-05-14 22:16:04,131 [INFO] [197/1171] Skip (exists): article_8009d6bdc4fd5e83db54dc627e200eb1.html ← https://www.bbc.com/news/articles/c20zgjzz0e4o...
2026-05-14 22:16:04,132 [INFO] [198/1171] Fetching article: https://www.investing.com/news/transcripts/earnings-call-transcript-ve...
2026-05-14 22:16:14,312 [INFO] ✓ Saved HTML to article_d817ba09e896a25b2f515b4115fd60cd.html
2026-05-14 22:16:20,454 [INFO] [199/1171] Fetching article: https://www.zacks.com/featured-articles/421/best-energy-stocks...
2026-05-14 22:16:25,110 [INFO] ✓ Saved HTML to article_70663e6eecfdd4c32e2ed73bfe3ddbec.html
2026-05-14 22:16:29,119 [INFO] [200/1171] Fetching article: https://www.fool.com/investing/stock-market/market-sectors/energy/oil-...
2026-05-14 22:17:29,153 [WARNING] Failed (Attempt 1/3): Page.goto: Timeout 60000ms exceeded.
Call log:
  - navigating to "https://www.fool.com/investing/stock-market/market-sectors/energy/oil-stocks/", waiting until "domcontentloaded"

2026-05-14 22:17:52,357 [INFO] ✓ Saved HTML to article_eb36d75c2dd000c21b1abb5f6985c597.html
2026-05-14 22:17:59,497 [INFO] [201/1171] Skip (exists): article_23ec0e38509c95c429b7acb013600280.html ← https://energynewsbeat.co/exploration-and-production/haynesville-expan...
2026-05-14 22:17:59,498 [INFO] [202/1171] Fetching article: https://www.houstonchronicle.com/business/energy/article/guyana-presid...
2026-05-14 22:18:09,045 [INFO] ✓ Saved HTML to article_76864ab6f04015a998a3fa3797b1ed2b.html
2026-05-14 22:18:12,270 [INFO] [203/1171] Fetching article: https://www.oilandgas360.com/guyana-going-from-frontier-to-global-oil-...
2026-05-14 22:18:36,808 [INFO] ✓ Saved HTML to article_6a6530c247015075a815d2d12e045168.html
2026-05-14 22:18:42,870 [INFO] [204/1171] Skip (exists): article_a103db4e4acd2b3a680fc9b3601df7b7.html ← https://globalpost.com/apple-news/as-the-gulf-war-causes-energy-woes-a...
2026-05-14 22:18:42,870 [INFO] [205/1171] Fetching article: https://windward.ai/knowledge-base/russian-shadow-fleet-tanker-conduct...
2026-05-14 22:18:53,216 [INFO] ✓ Saved HTML to article_677b831e4680880f0140a456e63641a1.html
2026-05-14 22:18:59,045 [INFO] [206/1171] Fetching article: https://tanktransport.com/2026/05/hormuz-supply-risk/...
2026-05-14 22:19:13,852 [INFO] ✓ Saved HTML to article_0a02a58ff95517d880117f21befcc02b.html
2026-05-14 22:19:17,794 [INFO] [207/1171] Fetching article: https://www.flexport.com/blog/middle-east-escalation-disrupts-global-o...
2026-05-14 22:19:25,562 [INFO] ✓ Saved HTML to article_0dbdad6cc9cdedf3addc06456b8d3901.html
2026-05-14 22:19:29,763 [INFO] [208/1171] Fetching article: https://windward.ai/blog/project-freedom-begins-but-the-dark-fleet-doe...
2026-05-14 22:19:38,898 [INFO] ✓ Saved HTML to article_449c9e91335f53a2e2ed06493de4cd45.html
2026-05-14 22:19:44,672 [INFO] [209/1171] Fetching article: https://portalstoczniowy.pl/en/atak-rosyjskie-tankowce-flota-cieni-sea...
2026-05-14 22:19:55,844 [WARNING] Failed (Attempt 1/3): Page.content: Unable to retrieve content because the page is navigating and changing the content.
2026-05-14 22:20:12,855 [WARNING] Failed (Attempt 2/3): Page.content: Unable to retrieve content because the page is navigating and changing the content.
2026-05-14 22:20:39,412 [WARNING] Failed (Attempt 3/3): Page.content: Unable to retrieve content because the page is navigating and changing the content.
2026-05-14 22:20:43,120 [INFO] [210/1171] Fetching article: https://www.hsfkramer.com/notes/crt/2026-05/sanctions-tracker-eu-sanct...
2026-05-14 22:20:50,070 [INFO] ✓ Saved HTML to article_713398cb82474138b1800ad8981743d5.html
2026-05-14 22:20:57,149 [INFO] [211/1171] Fetching article: https://www.livemint.com/news/world/sweden-arrests-chinese-captain-of-...
2026-05-14 22:21:35,070 [INFO] ✓ Saved HTML to article_34d084a51b328b0ddb5debaa7568d92b.html
2026-05-14 22:21:41,990 [INFO] [212/1171] Skip (exists): article_503f760b74500bfe6d964c1fc8ecd662.html ← https://splash247.com/ukraine-steps-up-attacks-on-russian-energy-expor...
2026-05-14 22:21:41,990 [INFO] [213/1171] Fetching article: https://www.mexc.com/news/1070585...
2026-05-14 22:21:53,110 [WARNING] Failed (Attempt 1/3): Page.goto: net::ERR_CONNECTION_CLOSED at https://www.mexc.com/news/1070585
Call log:
  - navigating to "https://www.mexc.com/news/1070585", waiting until "domcontentloaded"

2026-05-14 22:22:10,280 [WARNING] Failed (Attempt 2/3): Page.goto: net::ERR_CONNECTION_CLOSED at https://www.mexc.com/news/1070585
Call log:
  - navigating to "https://www.mexc.com/news/1070585", waiting until "domcontentloaded"

2026-05-14 22:22:35,764 [INFO] ✓ Saved HTML to article_276eea55c393a011b83631a828ca8268.html
2026-05-14 22:22:42,116 [INFO] [214/1171] Skip (exists): article_7789c86573bbc6b0930c4b3711005feb.html ← https://windward.ai/knowledge-base/m-t-deyna-seized-what-the-french-na...
2026-05-14 22:22:42,116 [INFO] [215/1171] Skip (exists): article_7c9be189d681b3eb55b3649905f73989.html ← https://energynewsbeat.co/energy-crisis/eric-nuttall-senior-partner-at...
2026-05-14 22:22:42,116 [INFO] [216/1171] Skip (exists): article_892397d118886ea32f2ed97fd001b983.html ← https://www.msn.com/en-us/news/insight/us-moves-to-release-record-oil-...
2026-05-14 22:22:42,116 [INFO] [217/1171] Skip (exists): article_0d404610960ee3c684615b973c7c9a78.html ← https://www.tradingview.com/symbols/NYMEX-SGF1%21/ideas/?contract=SGFG...
2026-05-14 22:22:42,116 [INFO] [218/1171] Skip (exists): article_24f6fbfe62f303f909122a88403d3e9a.html ← https://www.forbes.com/advisor/personal-finance/gas-prices-by-state/...
2026-05-14 22:22:42,116 [INFO] [219/1171] Fetching article: https://energynewsbeat.co/big-oil-companies/big-oil-leaders-sound-the-...
2026-05-14 22:22:53,790 [INFO] ✓ Saved HTML to article_3682cd0e736c16e53289b8284bd58356.html
2026-05-14 22:22:59,088 [INFO] [220/1171] Skip (exists): article_e6472b57705fd57b360b49e0cbd24618.html ← https://www.msn.com/en-us/money/markets/us-crude-oil-stockpiles-rise-f...
2026-05-14 22:22:59,088 [INFO] [221/1171] Skip (exists): article_3f4186947c316c0b999272cb99babb42.html ← https://www.msn.com/en-us/news/insight/analysts-warn-5-gas-likely-by-m...
2026-05-14 22:22:59,088 [INFO] [222/1171] Skip (exists): article_b58efd644963913677f781d58b08050c.html ← https://www.msn.com/en-in/news/world/us-energy-agency-says-fuel-prices...
2026-05-14 22:22:59,088 [INFO] [223/1171] Skip (exists): article_ea388a0245e390173e4d4adf9f3ad796.html ← https://www.msn.com/en-us/money/markets/eia-april-outlook-flags-supply...
2026-05-14 22:22:59,088 [INFO] [224/1171] Fetching article: https://www.business-standard.com/economy/news/looming-expiry-of-us-sa...
2026-05-14 22:23:05,754 [INFO] ✓ Saved HTML to article_86dd04946a6793289d27c0b1467888a4.html
2026-05-14 22:23:10,738 [INFO] [225/1171] Fetching article: https://weeklyblitz.net/2026/05/11/global-oil-reserves-drain-at-record...
2026-05-14 22:23:20,426 [INFO] ✓ Saved HTML to article_cfe4c9d3310ea7660a03858910a509fa.html
2026-05-14 22:23:27,926 [INFO] [226/1171] Fetching article: https://www.msn.com/en-in/money/topstories/trump-sanctions-waiver-for-...
2026-05-14 22:23:34,504 [INFO] ✓ Saved HTML to article_ae0cb0e9d6a16f610b6d0c9087b4935c.html
2026-05-14 22:23:38,917 [INFO] [227/1171] Fetching article: https://www.msn.com/en-in/news/india/strait-of-hormuz-blockade-india-c...
2026-05-14 22:23:44,807 [INFO] ✓ Saved HTML to article_5d6fa347b62d8e83be2de10b2cf658a2.html
2026-05-14 22:23:49,861 [INFO] [228/1171] Fetching article: https://www.trend.az/business/energy/4184285.html...
2026-05-14 22:24:01,484 [INFO] ✓ Saved HTML to article_01e5fb59c0a5730e0a57a2cae706285c.html
2026-05-14 22:24:07,135 [INFO] [229/1171] Fetching article: https://discoveryalert.com.au/oil-rally-120-middle-east-supply-risks-h...
2026-05-14 22:24:22,897 [INFO] ✓ Saved HTML to article_d1d1ee70d262aa4a857f6e336e657656.html
2026-05-14 22:24:30,687 [INFO] [230/1171] Fetching article: https://www.thecentersquare.com/texas/article_f41b8365-e722-4913-b8d5-...
2026-05-14 22:24:45,753 [INFO] ✓ Saved HTML to article_0ef32d5edb3c3c69947bda95de4a46c6.html
2026-05-14 22:24:53,115 [INFO] [231/1171] Fetching article: https://www.wsj.com/business/energy-oil/frackers-are-finally-ready-to-...
2026-05-14 22:24:59,387 [INFO] ✓ Saved HTML to article_3495a447b8d48f2ed790e5cb11dab4b2.html
2026-05-14 22:25:03,298 [INFO] [232/1171] Fetching article: https://www.britannica.com/science/natural-gas/Shale-gas...
2026-05-14 22:25:14,121 [INFO] ✓ Saved HTML to article_6d11ecd758065012e4021aab8cb7f793.html
2026-05-14 22:25:19,508 [INFO] [233/1171] Fetching article: https://www.tradingview.com/news/stockstory:e7a684f86094b:0-a-look-bac...
2026-05-14 22:25:27,924 [INFO] ✓ Saved HTML to article_248f16ad4a9c11d91bc7a286218f5730.html
2026-05-14 22:25:34,166 [INFO] [234/1171] Fetching article: https://www.industrialinfo.com/iirenergy/industry-news/article/crescen...
2026-05-14 22:25:59,026 [INFO] ✓ Saved HTML to article_19e3b309359b242b8b1507c21137c23a.html
2026-05-14 22:26:05,794 [INFO] [235/1171] Fetching article: https://seekingalpha.com/article/4899139-us-february-oil-production-re...
2026-05-14 22:26:12,215 [INFO] ✓ Saved HTML to article_def565b0b4308a444470e700e8136058.html
2026-05-14 22:26:17,420 [INFO] [236/1171] Fetching article: https://news.sky.com/story/the-slice-of-desert-that-helped-make-trumps...
2026-05-14 22:26:17,989 [WARNING] Failed (Attempt 1/3): Page.goto: net::ERR_TUNNEL_CONNECTION_FAILED at https://news.sky.com/story/the-slice-of-desert-that-helped-make-trumps-middle-east-war-possible-13540767
Call log:
  - navigating to "https://news.sky.com/story/the-slice-of-desert-that-helped-make-trumps-middle-east-war-possible-13540767", waiting until "domcontentloaded"

2026-05-14 22:26:25,731 [WARNING] Failed (Attempt 2/3): Page.goto: net::ERR_TUNNEL_CONNECTION_FAILED at https://news.sky.com/story/the-slice-of-desert-that-helped-make-trumps-middle-east-war-possible-13540767
Call log:
  - navigating to "https://news.sky.com/story/the-slice-of-desert-that-helped-make-trumps-middle-east-war-possible-13540767", waiting until "domcontentloaded"

2026-05-14 22:26:34,459 [WARNING] Failed (Attempt 3/3): Page.goto: net::ERR_TUNNEL_CONNECTION_FAILED at https://news.sky.com/story/the-slice-of-desert-that-helped-make-trumps-middle-east-war-possible-13540767
Call log:
  - navigating to "https://news.sky.com/story/the-slice-of-desert-that-helped-make-trumps-middle-east-war-possible-13540767", waiting until "domcontentloaded"

2026-05-14 22:26:40,065 [INFO] [237/1171] Skip (exists): article_372543159487f47beee95c09dc0f77dc.html ← https://energynow.ca/2026/02/saudi-aramco-bringing-shale-gas-revolutio...
2026-05-14 22:26:40,065 [INFO] [238/1171] Skip (exists): article_30785806238291b21321c0adaaa5e7c3.html ← https://www.barrons.com/articles/diamondback-energy-is-boosting-oil-pr...
2026-05-14 22:26:40,065 [INFO] [239/1171] Skip (exists): article_4a52e1930aa768e7876f9b3776f7f3ed.html ← https://www.indexbox.io/blog/electric-hydraulic-wellhead-drives-onshor...
2026-05-14 22:26:40,065 [INFO] [240/1171] Skip (exists): article_0bea849fd0a94778a19b5c04df50b299.html ← https://en.yenisafak.com/world/us-iran-war-drives-37b-surge-in-america...
2026-05-14 22:26:40,066 [INFO] [241/1171] Skip (exists): article_19a11805a596b06be9183344321412b5.html ← https://www.msn.com/en-us/news/insight/veteran-diplomats-question-kush...
2026-05-14 22:26:40,066 [INFO] [242/1171] Skip (exists): article_1b22d6f2a1a1dd18f90298f31576ffe1.html ← https://www.reuters.com/sustainability/boards-policy-regulation/oil-pr...
2026-05-14 22:26:40,066 [INFO] [243/1171] Skip (exists): article_5743350c6ce7963a1927c3f132da673a.html ← https://www.twz.com/news-features/possibility-of-operation-to-retrieve...
2026-05-14 22:26:40,066 [INFO] [244/1171] Skip (exists): article_2aeeb4a3667d9254d4cda8baeb46c627.html ← https://en.yenisafak.com/world/trump-to-raise-taiwan-arms-sales-with-x...
2026-05-14 22:26:40,066 [INFO] [245/1171] Skip (exists): article_7236c7d2b347dfd03c083f800094de8e.html ← https://www.aol.com/news/historic-us-israel-strikes-iran-123828370.htm...
2026-05-14 22:26:40,066 [INFO] [246/1171] Skip (exists): article_1c84faa1cf5c6d08345fc9e09805a83d.html ← https://www.bairdmaritime.com/offshore/exploration-development/norway-...
2026-05-14 22:26:40,066 [INFO] [247/1171] Skip (exists): article_b30d5b443f2499670459be5b4949c004.html ← https://www.spglobal.com/energy/en/news-research/latest-news/lng/04302...
2026-05-14 22:26:40,066 [INFO] [248/1171] Skip (exists): article_39a9a387662eb8a7b10a715ecee544a9.html ← https://www.lngindustry.com/liquid-natural-gas/30042026/eia-internatio...
2026-05-14 22:26:40,066 [INFO] [249/1171] Skip (exists): article_d878075e87df8f72d023dbadfc1939f6.html ← https://www.dailysabah.com/opinion/op-ed/myth-of-full-liberalization-t...
2026-05-14 22:26:40,066 [INFO] [250/1171] Skip (exists): article_752ae349a57501d5e68ac2fda007e6c0.html ← https://www.bairdmaritime.com/shipping/tankers/gas/european-gas-prices...
2026-05-14 22:26:40,066 [INFO] [251/1171] Skip (exists): article_0c85d2811e871f6becd00de4bf6325fb.html ← https://marcellusdrilling.com/2026/04/international-lng-prices-rise-am...
2026-05-14 22:26:40,067 [INFO] [252/1171] Skip (exists): article_fc33d7c5289b81a081151b1a83ebca36.html ← https://cleantechnica.com/2026/04/29/international-lng-prices-rise-ami...
2026-05-14 22:26:40,067 [INFO] [253/1171] Skip (exists): article_92d3cce00b042cd8798a70d8a7062bc9.html ← https://www.msn.com/en-us/money/markets/european-gas-prices-below-50-e...
2026-05-14 22:26:40,067 [INFO] [254/1171] Skip (exists): article_47b471d012699717a634aa18150edb7a.html ← https://naturalgasintel.com/news/bearish-start-bullish-finish-with-asi...
2026-05-14 22:26:40,067 [INFO] [255/1171] Skip (exists): article_1fa2a36233d105c157977004b2c9d854.html ← https://seenews.com/news/bulgarian-energy-regulator-approves-5-percent...
2026-05-14 22:26:40,067 [INFO] [256/1171] Skip (exists): article_785da7209ef0b1d31771e127fc354814.html ← https://www.oilfieldtechnology.com/special-reports/29042026/wood-macke...
2026-05-14 22:26:40,067 [INFO] [257/1171] Skip (exists): article_e63e9155b335c23bedb541dd09964219.html ← https://www.telegraph.co.uk/business/2026/05/01/oil-tankers-abandon-th...
2026-05-14 22:26:40,067 [INFO] [258/1171] Skip (exists): article_3b817f419d2cf70b88a2c5a22b8e944f.html ← https://www.lloydslist.com/LL1157048/Red-Sea-tanker-transits-surpass-p...
2026-05-14 22:26:40,067 [INFO] [259/1171] Skip (exists): article_002a56a2bba2752785a1a982d8252f52.html ← https://www.msn.com/en-ca/news/world/how-the-gate-of-tears-could-be-th...
2026-05-14 22:26:40,067 [INFO] [260/1171] Skip (exists): article_501ee28661e0af11b206532b5aa03ce9.html ← https://www.msn.com/en-au/news/australia/houthis-threaten-to-choke-off...
2026-05-14 22:26:40,067 [INFO] [261/1171] Skip (exists): article_2e6bc5ee2e265f62e98b81130148a0ef.html ← https://www.turkiyetoday.com/business/shipping-reroutes-around-africa-...
2026-05-14 22:26:40,067 [INFO] [262/1171] Skip (exists): article_a453f678637ecdf89c88278044b1d3af.html ← https://thediplomaticinsight.com/red-sea-crisis-militarization-of-trad...
2026-05-14 22:26:40,067 [INFO] [263/1171] Skip (exists): article_4b8af5bbcebaf56424f783e12f19c895.html ← https://energynow.com/2026/04/alternative-routes-for-middle-east-oil-a...
2026-05-14 22:26:40,067 [INFO] [264/1171] Skip (exists): article_c302caee9fd2a1518f0aa9a31b4a7b8e.html ← https://www.bangkokpost.com/business/general/3247769/iran-war-redraws-...
2026-05-14 22:26:40,067 [INFO] [265/1171] Skip (exists): article_f26ba139a6d96f35981fc2c0f5a376ec.html ← https://en.haberler.com/iran-houthis-will-close-the-bab-el-mandeb-stra...
2026-05-14 22:26:40,067 [INFO] [266/1171] Skip (exists): article_8539ef5f484ce53dcc5ec668381c7e96.html ← https://www.calcalistech.com/ctechnews/article/m1sa73quy...
2026-05-14 22:26:40,067 [INFO] [267/1171] Skip (exists): article_588f7d1b2587cfdabf0893ca4905a015.html ← https://m.economictimes.com/wealth/invest/oil-gas-sector-outlook-2026-...
2026-05-14 22:26:40,067 [INFO] [268/1171] Skip (exists): article_19ae7095337676592a01c44e177491dc.html ← https://www.indianarrative.com/opinion/beyond-blockades-china-and-the-...
2026-05-14 22:26:40,067 [INFO] [269/1171] Skip (exists): article_a4a390161c5eec04424fdf314b28ea23.html ← https://www.msn.com/en-us/money/news/aramco-ceo-warns-of-multi-year-en...
2026-05-14 22:26:40,067 [INFO] [270/1171] Skip (exists): article_cc8f62fc488357e3ce633e9c530d8206.html ← https://www.newser.com/first-dry/Jet-Fuel-Shortage-Ripples-Through-Glo...
2026-05-14 22:26:40,067 [INFO] [271/1171] Skip (exists): article_b904a738349f7a6a9726b11509bfc9dd.html ← https://world.infonasional.com/global-oil-stockpiles-shrink-iran-war...
2026-05-14 22:26:40,068 [INFO] [272/1171] Skip (exists): article_c8321f9681e0b94e95b562a0c424f344.html ← https://www.bloomberg.com/news/articles/2026-05-08/strait-of-hormuz-ho...
2026-05-14 22:26:40,068 [INFO] [273/1171] Skip (exists): article_423260cda58245fa1c367935238c6aaa.html ← https://www.hppr.org/npr-news/2026-05-08/the-u-s-fires-on-iranian-tank...
2026-05-14 22:26:40,068 [INFO] [274/1171] Skip (exists): article_f3ef1cc30e38a5f333c2ffec878be9c1.html ← https://gcaptain.com/trumps-iran-strategy-collides-with-hormuz-reality...
2026-05-14 22:26:40,068 [INFO] [275/1171] Skip (exists): article_709a4791aa258f5403a2e05bbaf0bb5d.html ← https://www.jpost.com/middle-east/article-895627...
2026-05-14 22:26:40,068 [INFO] [276/1171] Skip (exists): article_24bb862c5c97f23a7659870727f6bc1a.html ← https://www.livenowfox.com/news/iran-war-latest-may-9...
2026-05-14 22:26:40,068 [INFO] [277/1171] Skip (exists): article_1e7b40a82b95715c4ac32cd8533e6ac9.html ← https://themilitant.com/2026/05/08/us-forces-out-of-the-middle-east-br...
2026-05-14 22:26:40,068 [INFO] [278/1171] Skip (exists): article_7e1086ecdc0edc0226e70e1dd0bcd2bd.html ← https://www.newsnationnow.com/world/live-updates-us-iran-proposed-war-...
2026-05-14 22:26:40,068 [INFO] [279/1171] Skip (exists): article_ba3a30c48f3bdbc2760bc7f426e6b666.html ← https://www.dropsitenews.com/p/us-iran-war-israel-lebanon-new-york-ice...
2026-05-14 22:26:40,068 [INFO] [280/1171] Skip (exists): article_4691405063781ddc056418a9408dc9f4.html ← https://www.trtworld.com/article/b374cf11b26f...
2026-05-14 22:26:40,068 [INFO] [281/1171] Skip (exists): article_79647c0d8b152b97d37ac41f56aaaf48.html ← https://amp.dw.com/en/somalia-piracy-global-shipping-trade-routes-stra...
2026-05-14 22:26:40,068 [INFO] [282/1171] Skip (exists): article_411a76880d5ac180961759a6dd2cb6af.html ← https://windward.ai/glossary/the-bab-el-mandeb-strait/...
2026-05-14 22:26:40,068 [INFO] [283/1171] Skip (exists): article_df941996f338b422507ded09652ae5ee.html ← https://thefinancialexpress.com.bd/world/alternative-routes-for-middle...
2026-05-14 22:26:40,068 [INFO] [284/1171] Skip (exists): article_f3f462f943752d60f7d29d2aced4f37e.html ← https://oilprice.com/Energy/Energy-General/California-Refineries-Max-O...
2026-05-14 22:26:40,068 [INFO] [285/1171] Skip (exists): article_3d316ec9102ec37d82a2b3e96a635cf4.html ← https://www.industrialinfo.com/iirenergy/industry-news/article/jet-fue...
2026-05-14 22:26:40,068 [INFO] [286/1171] Skip (exists): article_5bf15d91159a4aa359ad8d56d3bdfb48.html ← https://energynewsbeat.co/jet-fuel/california-refineries-max-out-jet-f...
2026-05-14 22:26:40,068 [INFO] [287/1171] Skip (exists): article_21af3851b19884d0f73583393379f715.html ← https://www.stonex.com/en-gb/insights/doe-crude-and-refined-summary-an...
2026-05-14 22:26:40,068 [INFO] [288/1171] Skip (exists): article_64e4e09cfe9940b670e53a9ebe966f3c.html ← https://metro.global/2026/04/29/fuel-shocks-across-ocean-air-and-road-...
2026-05-14 22:26:40,068 [INFO] [289/1171] Skip (exists): article_c19fb8827382bb40c9f2261e9cc37f35.html ← https://www.aol.com/articles/why-delek-holdings-rallied-big-185105386....
2026-05-14 22:26:40,068 [INFO] [290/1171] Skip (exists): article_829f234e6ceb53147c2fd44e643fbfdd.html ← https://ts2.tech/en/marathon-petroleum-stock-jumps-before-earnings-as-...
2026-05-14 22:26:40,068 [INFO] [291/1171] Skip (exists): article_cd188178d1b6f8d42a8161dbec9efc7a.html ← https://www.spglobal.com/energy/en/news-research/latest-news/agricultu...
2026-05-14 22:26:40,068 [INFO] [292/1171] Skip (exists): article_7e020ce44ca050f219d734e9a123e476.html ← https://www.investors.com/news/valero-energy-earnings-q1-oil-stock-vlo...
2026-05-14 22:26:40,068 [INFO] [293/1171] Skip (exists): article_775ba723ae064007d96f94d9378a0069.html ← https://www.stocktitan.net/sec-filings/DK/10-q-delek-us-holdings-inc-q...
2026-05-14 22:26:40,069 [INFO] [294/1171] Skip (exists): article_ca3e495abefe408055cb8140a907da9b.html ← https://www.msn.com/en-us/news/world/china-blocks-us-iran-sanctions-on...
2026-05-14 22:26:40,069 [INFO] [295/1171] Skip (exists): article_6980256f5211186d5bffc336258f2d29.html ← https://orinocotribune.com/the-us-pulled-off-an-armed-robbery-of-the-w...
2026-05-14 22:26:40,069 [INFO] [296/1171] Skip (exists): article_08c547c2639999d8cf5eb7d009417ba8.html ← https://www.msn.com/en-us/money/markets/china-s-teapot-refiners-target...
2026-05-14 22:26:40,069 [INFO] [297/1171] Skip (exists): article_0a671067a4d1555d91f6708a0df470ff.html ← https://www.investing.com/analysis/natural-gas-iran-war-upends-lng-mar...
2026-05-14 22:26:40,069 [INFO] [298/1171] Skip (exists): article_9744dd692c7d81c49f8c265b1d4cac0b.html ← https://www.reuters.com/business/energy/us-natural-gas-futures-climb-o...
2026-05-14 22:26:40,069 [INFO] [299/1171] Skip (exists): article_6fcc0e3021673ae54beb0c974bcb67c2.html ← https://energynow.com/2026/03/us-natural-gas-extends-losses-on-mild-we...
2026-05-14 22:26:40,069 [INFO] [300/1171] Skip (exists): article_ef96804735c8b9f2fe82dff1936bb081.html ← https://www.msn.com/en-us/money/markets/europes-lng-refill-race-tailwi...
2026-05-14 22:26:40,069 [INFO] [301/1171] Skip (exists): article_b358d00fbeda38d101560866303f6887.html ← https://www.qcintel.com/article/natgas-ttf-higher-on-week-as-lng-suppl...
2026-05-14 22:26:40,069 [INFO] [302/1171] Skip (exists): article_373758142641183a134aebb6baa9de72.html ← https://marcellusdrilling.com/2026/05/mdns-energy-stories-of-interest-...
2026-05-14 22:26:40,069 [INFO] [303/1171] Skip (exists): article_a85d98637f3d9ddbc75bf1f7725bff91.html ← https://www.zacks.com/featured-articles/581/best-natural-gas-stocks...
2026-05-14 22:26:40,069 [INFO] [304/1171] Skip (exists): article_23eefc08e259f64ee117aa30c85c0ecf.html ← https://caspianpost.com/energy/turkiye-s-energy-market-challenging-the...
2026-05-14 22:26:40,069 [INFO] [305/1171] Skip (exists): article_2f7dda7d9a97a4ece5ec39de5d5595f4.html ← https://seekingalpha.com/news/4584321-woodside-struggling-to-sell-lng-...
2026-05-14 22:26:40,069 [INFO] [306/1171] Skip (exists): article_e6039ce79bbb2e91a2cac689bb6f3504.html ← https://www.msn.com/en-ca/news/world/houthis-threaten-to-choke-off-sec...
2026-05-14 22:26:40,069 [INFO] [307/1171] Skip (exists): article_52861e9f09b2fd6d53e1fb9d92021603.html ← https://indiashippingnews.com/suspected-pirates-steer-cargo-vessel-tow...
2026-05-14 22:26:40,069 [INFO] [308/1171] Skip (exists): article_aa83ed1fff2c9d170044a017cb32cd01.html ← https://www.pressreader.com/singapore/the-straits-times/20260429/28194...
2026-05-14 22:26:40,069 [INFO] [309/1171] Skip (exists): article_c4296ef0fe4aadd600199ddcbef59fd1.html ← https://www.msn.com/en-in/news/world/no-force-can-reopen-it-houthis-th...
2026-05-14 22:26:40,069 [INFO] [310/1171] Skip (exists): article_ac9f86d717fc0765b0b9460185bc8a23.html ← https://www.msn.com/en-in/news/India/what-if-bab-el-mandeb-shuts-iran-...
2026-05-14 22:26:40,069 [INFO] [311/1171] Skip (exists): article_060f91e01edb9da4e83fa813206e0f51.html ← https://www.msn.com/en-in/news/world/after-strait-of-hormuz-is-bab-el-...
2026-05-14 22:26:40,069 [INFO] [312/1171] Skip (exists): article_f67cf684e6ce3153171ca071a2aa053b.html ← https://www.msn.com/en-in/news/world/iran-threatens-to-block-4th-large...
2026-05-14 22:26:40,069 [INFO] [313/1171] Skip (exists): article_27698474677d1864cce950635c1163df.html ← https://www.reuters.com/business/energy/newsmaker-saudi-oil-princes-ir...
2026-05-14 22:26:40,069 [INFO] [314/1171] Skip (exists): article_a9ee212dc33e690fd7198eeafe65e960.html ← https://oilprice.com/Energy/Crude-Oil/US-Oil-Cant-Fill-the-Middle-East...
2026-05-14 22:26:40,069 [INFO] [315/1171] Skip (exists): article_75e01970c7fcc0bbc09c9142b73a77fa.html ← https://www.morningbrew.com/stories/2026/05/04/us-exports-record-oil-b...
2026-05-14 22:26:40,069 [INFO] [316/1171] Skip (exists): article_1b36a118ed47dd487377e10e0239e509.html ← https://money.howstuffworks.com/the-biggest-oil-companies.htm...
2026-05-14 22:26:40,070 [INFO] [317/1171] Skip (exists): article_ca63b16db333206708c7c145ed37019d.html ← https://www.bairdmaritime.com/offshore/drilling-production/opinion-cou...
2026-05-14 22:26:40,070 [INFO] [318/1171] Skip (exists): article_9016b4efb87ce850ec13131c71088211.html ← https://www.newarab.com/analysis/uae-quits-opec-what-next-oil-gulf-and...
2026-05-14 22:26:40,070 [INFO] [319/1171] Skip (exists): article_c1b3ca50ad100802b5fba61d86932edd.html ← https://www.ft.com/content/2c553105-a23e-45eb-aff6-4e2c6cc16ac1?syn-25...
2026-05-14 22:26:40,070 [INFO] [320/1171] Skip (exists): article_8d84435267b02e4eda403caf5a224a37.html ← https://www.msn.com/en-us/news/insight/texas-oil-exports-hit-record-as...
2026-05-14 22:26:40,070 [INFO] [321/1171] Fetching article: https://think.ing.com/articles/the-commodities-feed-project-freedom-pa...
2026-05-14 22:26:40,588 [WARNING] Failed (Attempt 1/3): Page.goto: net::ERR_TUNNEL_CONNECTION_FAILED at https://think.ing.com/articles/the-commodities-feed-project-freedom-pause-weighs-on-oil-prices060526/
Call log:
  - navigating to "https://think.ing.com/articles/the-commodities-feed-project-freedom-pause-weighs-on-oil-prices060526/", waiting until "domcontentloaded"

2026-05-14 22:26:46,265 [WARNING] Failed (Attempt 2/3): Page.goto: net::ERR_TUNNEL_CONNECTION_FAILED at https://think.ing.com/articles/the-commodities-feed-project-freedom-pause-weighs-on-oil-prices060526/
Call log:
  - navigating to "https://think.ing.com/articles/the-commodities-feed-project-freedom-pause-weighs-on-oil-prices060526/", waiting until "domcontentloaded"

2026-05-14 22:26:52,979 [WARNING] Failed (Attempt 3/3): Page.goto: net::ERR_TUNNEL_CONNECTION_FAILED at https://think.ing.com/articles/the-commodities-feed-project-freedom-pause-weighs-on-oil-prices060526/
Call log:
  - navigating to "https://think.ing.com/articles/the-commodities-feed-project-freedom-pause-weighs-on-oil-prices060526/", waiting until "domcontentloaded"

2026-05-14 22:26:56,162 [INFO] [322/1171] Skip (exists): article_f98ab307d780fed919c1a7846606a444.html ← https://www.mufgresearch.com/fx/fx-daily-snapshot-30-april-2026/...
2026-05-14 22:26:56,163 [INFO] [323/1171] Skip (exists): article_fafae4cd76ee98ee7257f7ca5a8a8499.html ← https://lancasteronline.com/business/stock_market/us-stocks-slip-ahead...
2026-05-14 22:26:56,163 [INFO] [324/1171] Skip (exists): article_752ef11ca973ce052766c3a5278532e7.html ← https://www.msn.com/en-us/money/markets/dollar-gains-on-safe-haven-dem...
2026-05-14 22:26:56,163 [INFO] [325/1171] Skip (exists): article_9cd06305e4ab7e42ad407ee2f5fc63f3.html ← https://www.profarmer.com/news/first-thing-today/first-thing-today-cor...
2026-05-14 22:26:56,163 [INFO] [326/1171] Skip (exists): article_9de5870302329d6d8a936a7ce969b3e6.html ← https://www.ktbs.com/news/business/us-stocks-slip-ahead-of-fed-announc...
2026-05-14 22:26:56,163 [INFO] [327/1171] Skip (exists): article_857dbf16456c7b3d1939ab7540042c94.html ← https://www.bitget.com/amp/news/detail/12560605392919...
2026-05-14 22:26:56,163 [INFO] [328/1171] Skip (exists): article_93611f6b596d086a26523a0a4399bb06.html ← https://www.ottumwacourier.com/news/national_news/oil-hovers-near-high...
2026-05-14 22:26:56,163 [INFO] [329/1171] Skip (exists): article_6968fb770b527d41244b9c59718de28e.html ← https://www.voiceofalexandria.com/news/national_business_news/us-stock...
2026-05-14 22:26:56,163 [INFO] [330/1171] Skip (exists): article_c99395766f6b63c65ad744db38edf50c.html ← https://www.fxstreet.com/news/breaking-usd-inr-hits-record-highs-amid-...
2026-05-14 22:26:56,164 [INFO] [331/1171] Skip (exists): article_74e81ebb1f9e54070ac9f4dd33f524cc.html ← https://www.economies.com/commodities/gold-news/gold-climbs-2-as-dolla...
2026-05-14 22:26:56,164 [INFO] [332/1171] Skip (exists): article_3668890be87b254abefd0b69419de4ce.html ← https://www.reuters.com/business/energy/europe-is-unlikely-reach-80-pr...
2026-05-14 22:26:56,164 [INFO] [333/1171] Skip (exists): article_a1a11c0e36186d92e102e1bb7604655d.html ← https://naturalgasintel.com/news/natural-gas-bears-pounce-on-us-iran-p...
2026-05-14 22:26:56,164 [INFO] [334/1171] Skip (exists): article_624a518ad8a845a35f23b9a7ae9a2c12.html ← https://www.stonex.com/en-gb/insights/quick-update-on-middle-east-lng-...
2026-05-14 22:26:56,164 [INFO] [335/1171] Skip (exists): article_68108b8c9e6f472e1196eceff8d29184.html ← https://ceenergynews.com/oil-gas/european-gas-storage-supply/...
2026-05-14 22:26:56,164 [INFO] [336/1171] Skip (exists): article_8659341b17a1179a396cbb5c144af78c.html ← https://www.aa.com.tr/en/europe/european-gas-prices-plunge-as-us-iran-...
2026-05-14 22:26:56,164 [INFO] [337/1171] Skip (exists): article_a351eeb06a9090524197c9913df5e593.html ← https://ieefa.org/resources/germanys-gas-and-hydrogen-gamble...
2026-05-14 22:26:56,164 [INFO] [338/1171] Skip (exists): article_43a5c91750a6f7056dcf2666dd9e7a48.html ← https://www.investing.com/news/company-news/cheniere-q1-2026-slides-re...
2026-05-14 22:26:56,164 [INFO] [339/1171] Skip (exists): article_ea971d74c92ffaaacca5c17884afc519.html ← https://energynewsbeat.co/exports/adnocs-lng-tankers-go-dark-to-get-ga...
2026-05-14 22:26:56,165 [INFO] [340/1171] Skip (exists): article_8ad50149ba7257058836e260475496b2.html ← https://www.tradingview.com/symbols/CMCMARKETS-UKNATGAS1%21/ideas/page...
2026-05-14 22:26:56,165 [INFO] [341/1171] Skip (exists): article_ef001fcbdcc0df8f2ac64896b90692d7.html ← https://www.dw.com/en/is-russian-oil-becoming-a-lifeline-for-southeast...
2026-05-14 22:26:56,165 [INFO] [342/1171] Skip (exists): article_8aeff69a46afb41a1d4f17de429a372d.html ← https://www.msn.com/en-us/money/markets/pbr-inks-465m-drillship-deal-w...
2026-05-14 22:26:56,165 [INFO] [343/1171] Skip (exists): article_2592208fcbf5a01708d043a3913c52bc.html ← https://oilprice.com/Energy/Energy-General/Russias-Oil-Revenues-Surge-...
2026-05-14 22:26:56,165 [INFO] [344/1171] Skip (exists): article_2a201f80889da19b2d0e5948810a9ba5.html ← https://discoveryalert.com.au/russia-oil-revenues-surge-sanctions-waiv...
2026-05-14 22:26:56,165 [INFO] [345/1171] Skip (exists): article_7ba7efc7ae8d9a43083da8467c40dba5.html ← https://energynow.com/2026/03/oil-sinks-7-as-trump-predicts-middle-eas...
2026-05-14 22:26:56,165 [INFO] [346/1171] Skip (exists): article_abf7307975884a44fac7ce7194d31b67.html ← https://www.eurasiareview.com/01052026-indias-oil-trap-vulnerability-a...
2026-05-14 22:26:56,165 [INFO] [347/1171] Skip (exists): article_20c8e9f0edf80cf86c168d08e5263ef1.html ← https://www.litefinance.org/blog/analysts-opinions/oil-price-predictio...
2026-05-14 22:26:56,165 [INFO] [348/1171] Skip (exists): article_05061b51cc60518872b4dfbaebfdb442.html ← https://newsukraine.rbc.ua/comment/how-ukrainian-strikes-on-russian-re...
2026-05-14 22:26:56,165 [INFO] [349/1171] Skip (exists): article_26e0b544648b76ee7e4c5953f36188d9.html ← https://www.tipranks.com/news/commodities/russias-rising-oil-revenue-h...
2026-05-14 22:26:56,165 [INFO] [350/1171] Skip (exists): article_223356541750a8ef9ec8d9e6fb7500fb.html ← https://www.msn.com/en-in/news/world/us-says-it-will-not-renew-sanctio...
2026-05-14 22:26:56,165 [INFO] [351/1171] Skip (exists): article_08c0fc943e53031f5f0473e5ab0acbe3.html ← https://timesofindia.indiatimes.com/world/europe/not-anymore-ukraine-h...
2026-05-14 22:26:56,165 [INFO] [352/1171] Skip (exists): article_1417db4501eb434b27dd49065661d1ae.html ← https://m.economictimes.com/news/international/world-news/ukraine-is-h...
2026-05-14 22:26:56,165 [INFO] [353/1171] Skip (exists): article_0e6c250196159b4fa1d9147044ae8bc1.html ← https://www.aljazeera.com/economy/2026/5/12/global-energy-crisis-highl...
2026-05-14 22:26:56,165 [INFO] [354/1171] Skip (exists): article_614268b8b4d12082724c90db18c8f126.html ← https://www.investing.com/news/stock-market-news/ppi-crude-oil-invento...
2026-05-14 22:26:56,165 [INFO] [355/1171] Skip (exists): article_e8a38b15c74e71bd026baa3b3fd544b9.html ← https://www.arise.tv/trump-administration-approves-loan-of-53-3-millio...
2026-05-14 22:26:56,166 [INFO] [356/1171] Skip (exists): article_4ca88a66c9892f353b91aa0dda3b5056.html ← https://seekingalpha.com/news/4590995-us-to-loan-more-crude-from-strat...
2026-05-14 22:26:56,166 [INFO] [357/1171] Skip (exists): article_45683c2a7c8a9b9b1e7ff323001a5d55.html ← https://www.aol.com/articles/iea-says-iran-war-keep-173913073.html?utm...
2026-05-14 22:26:56,166 [INFO] [358/1171] Skip (exists): article_7fd403e1ea1c8a76903db3d147e63025.html ← https://nationalsecurityjournal.org/the-world-is-losing-100000000-barr...
2026-05-14 22:26:56,166 [INFO] [359/1171] Skip (exists): article_175e68fdd3b93777b53f23ebc2544b79.html ← https://www.idnfinancials.com/news/63708/us-lends-53-3-million-barrels...
2026-05-14 22:26:56,166 [INFO] [360/1171] Skip (exists): article_5a24dc61b64c63a5048efb00c2315970.html ← https://www.bitget.com/amp/news/detail/12560605408275...
2026-05-14 22:26:56,166 [INFO] [361/1171] Skip (exists): article_35c2bc6c1469b146ee57a55f9e4e3647.html ← https://wtop.com/national/2026/04/the-latest-us-appears-cold-to-irania...
2026-05-14 22:26:56,166 [INFO] [362/1171] Skip (exists): article_101ac1dc7fb4c2b0c3267c9dc09cc09b.html ← https://www.aol.com/news/live-updates-trump-warns-iran-110706628.html...
2026-05-14 22:26:56,166 [INFO] [363/1171] Skip (exists): article_0d786dde0003d9392be2a302691d1528.html ← https://www.aol.com/strait-hormuz-stuck-limbo-trump-111312484.html...
2026-05-14 22:26:56,166 [INFO] [364/1171] Skip (exists): article_4ece0f15751523c2788d1f9d9dccf8ae.html ← https://gcaptain.com/saudi-arabia-set-for-oil-windfall-after-hormuz-bo...
2026-05-14 22:26:56,166 [INFO] [365/1171] Skip (exists): article_97d8e97d49a5290ee86d9b90c8ce368d.html ← https://financialpost.com/commodities/energy/oil-gas/saudi-arabia-oil-...
2026-05-14 22:26:56,166 [INFO] [366/1171] Skip (exists): article_02a6476d5aee5d166bfe3c38ef1157a9.html ← https://www.reuters.com/business/energy/us-naval-blockade-squeezes-ira...
2026-05-14 22:26:56,166 [INFO] [367/1171] Skip (exists): article_6d99f02be636d3a123724f8f3e55ed68.html ← https://finance.yahoo.com/news/saudi-oil-princes-iron-grip-184805042.h...
2026-05-14 22:26:56,166 [INFO] [368/1171] Skip (exists): article_f83112af1c155ab97adfb5f2bbc6b40c.html ← https://www.cnbc.com/2026/05/03/us-crude-oil-exports-surge-to-record-a...
2026-05-14 22:26:56,166 [INFO] [369/1171] Skip (exists): article_efa3b071dac5c05c9435ada12db59043.html ← https://www.ft.com/content/5a92811f-bd14-4be3-8b77-5edc12461cf5?syn-25...
2026-05-14 22:26:56,166 [INFO] [370/1171] Skip (exists): article_93b7ee67370f6928dd6bb7fcb75ce877.html ← https://www.chathamhouse.org/2026/05/how-iran-war-reshaping-saudi-stra...
2026-05-14 22:26:56,166 [INFO] [371/1171] Skip (exists): article_c720167fb97b171f527d7f974d84d780.html ← https://fortune.com/2026/05/03/oil-market-outlook-nightmare-scenarios-...
2026-05-14 22:26:56,166 [INFO] [372/1171] Skip (exists): article_8551be00d1d7638cada94683d741f92c.html ← https://www.aljazeera.com/news/2026/5/3/opec-announces-symbolic-oil-ou...
2026-05-14 22:26:56,166 [INFO] [373/1171] Skip (exists): article_4f6f0d6aac1b077559e9e0c3c7193102.html ← https://www.msn.com/en-us/news/insight/us-oil-exports-hit-record-as-ho...
2026-05-14 22:26:56,167 [INFO] [374/1171] Skip (exists): article_919cc697087b576079e3d03eece3824c.html ← https://commonslibrary.parliament.uk/research-briefings/cbp-10829/...
2026-05-14 22:26:56,167 [INFO] [375/1171] Skip (exists): article_02c74ed02d2707ae769892c440bb137a.html ← https://www.meforum.org/mef-observer/is-iraqs-seven-day-oil-recovery-c...
2026-05-14 22:26:56,167 [INFO] [376/1171] Skip (exists): article_9e49599d2ca8917971df844ed42b04c1.html ← https://www.kpler.com/es/blog/beyond-hormuz-the-pipeline-routes-that-c...
2026-05-14 22:26:56,167 [INFO] [377/1171] Skip (exists): article_8b7de0fcd592eb63d568e420a9b8f595.html ← https://www.rudaw.net/english/analysis/07052026...
2026-05-14 22:26:56,167 [INFO] [378/1171] Skip (exists): article_4ff11ed65719cc27b6a632a98aaa0f11.html ← https://thenewregion.com/posts/5306...
2026-05-14 22:26:56,167 [INFO] [379/1171] Skip (exists): article_90b8834d277c0975d5d9fdb5584000a3.html ← https://www.basnews.com/en/babat/912077...
2026-05-14 22:26:56,167 [INFO] [380/1171] Skip (exists): article_59d17159a62ffdaac96da2f6e7c8957d.html ← https://business-review.eu/energy/oil-gas/gazprom-neft-middle-east-b-v...
2026-05-14 22:26:56,167 [INFO] [381/1171] Skip (exists): article_71d245b475d1f32b6354a9f6e46adf9c.html ← https://www.zawya.com/en/projects/oil-and-gas/iraq-discovers-new-oil-f...
2026-05-14 22:26:56,167 [INFO] [382/1171] Skip (exists): article_bcb9aa63d336ccf677c5a7a333a9ae83.html ← https://www.basnews.com/en/babat/912115...
2026-05-14 22:26:56,167 [INFO] [383/1171] Skip (exists): article_2941e535229ca2211b30225040f3e7e9.html ← https://oilprice.com/Latest-Energy-News/World-News/Syria-Still-Leans-o...
2026-05-14 22:26:56,167 [INFO] [384/1171] Skip (exists): article_3c918976d6dce83614e92ac972e945cf.html ← https://www.investing.com/news/commodities-news/russias-urals-crude-re...
2026-05-14 22:26:56,167 [INFO] [385/1171] Skip (exists): article_0509cd58580e24f8166bb651c5175b04.html ← https://www.cbsnews.com/live-updates/iran-war-trump-oil-prices-hegseth...
2026-05-14 22:26:56,167 [INFO] [386/1171] Skip (exists): article_c3b2b4bb3edbe46458de2da98a8e46fe.html ← https://fakti.bg/en/world/1051867-japan-buys-russian-oil-as-part-of-di...
2026-05-14 22:26:56,167 [INFO] [387/1171] Skip (exists): article_6db30fcbb2193fbadc318a3bbfdc220b.html ← https://discoveryalert.com.au/venezuela-oil-exports-us-india-heavy-cru...
2026-05-14 22:26:56,167 [INFO] [388/1171] Fetching article: https://observer24.com.na/offshore-oil-gas-sector-continues-to-attract...
2026-05-14 22:26:59,213 [WARNING] Failed (Attempt 1/3): Page.goto: net::ERR_HTTP2_PROTOCOL_ERROR at https://observer24.com.na/offshore-oil-gas-sector-continues-to-attract-international-interest/
Call log:
  - navigating to "https://observer24.com.na/offshore-oil-gas-sector-continues-to-attract-international-interest/", waiting until "domcontentloaded"

2026-05-14 22:27:08,143 [WARNING] Failed (Attempt 2/3): Page.goto: net::ERR_HTTP2_PROTOCOL_ERROR at https://observer24.com.na/offshore-oil-gas-sector-continues-to-attract-international-interest/
Call log:
  - navigating to "https://observer24.com.na/offshore-oil-gas-sector-continues-to-attract-international-interest/", waiting until "domcontentloaded"

2026-05-14 22:27:17,252 [WARNING] Failed (Attempt 3/3): Page.goto: net::ERR_HTTP2_PROTOCOL_ERROR at https://observer24.com.na/offshore-oil-gas-sector-continues-to-attract-international-interest/
Call log:
  - navigating to "https://observer24.com.na/offshore-oil-gas-sector-continues-to-attract-international-interest/", waiting until "domcontentloaded"

2026-05-14 22:27:22,672 [INFO] [389/1171] Skip (exists): article_b6466a19b81d63fe5b895b05cc14a93f.html ← https://africa24tv.com/knowledge-katti-the-architect-behind-namibias-e...
2026-05-14 22:27:22,672 [INFO] [390/1171] Skip (exists): article_64c1753ff3fa972d1b080a3a50d8a284.html ← https://www.harianbasis.co/en/suriname-emerging-oil-province-developme...
2026-05-14 22:27:22,672 [INFO] [391/1171] Skip (exists): article_a90173fd9342907f43c9cd9716297e29.html ← https://www.gisreportsonline.com/r/india-west-asia/...
2026-05-14 22:27:22,672 [INFO] [392/1171] Skip (exists): article_3cbfb7aaf900c23cc4b8119b23d1dc95.html ← https://www.reuters.com/business/us-trade-deficit-widens-march-imports...
2026-05-14 22:27:22,672 [INFO] [393/1171] Skip (exists): article_ed4e4e576572e508b6747a3d55d7853b.html ← https://oec.world/en/profile/bilateral-product/crude-petroleum/reporte...
2026-05-14 22:27:22,672 [INFO] [394/1171] Skip (exists): article_a334f24b99dbfcad8dbeedca2597929d.html ← https://www.mykxlg.com/news/national/india-forced-to-defend-us-trade-d...
2026-05-14 22:27:22,672 [INFO] [395/1171] Skip (exists): article_b1ecbe3a3c7d7887456ebde8387d35e2.html ← https://www.indexbox.io/blog/goldman-sachs-warns-oil-inventories-near-...
2026-05-14 22:27:22,672 [INFO] [396/1171] Skip (exists): article_8cfccd1332575451c0cd884bec6ff7ac.html ← https://www.iisd.org/publications/digital-story/mapping-india-energy-t...
2026-05-14 22:27:22,672 [INFO] [397/1171] Skip (exists): article_27608992954667a525736bb11f0402ac.html ← https://oilprice.com/Energy/Energy-General/UAEs-Shock-Exit-Leaves-OPEC...
2026-05-14 22:27:22,672 [INFO] [398/1171] Skip (exists): article_59f77d8a34f8424767717c6847f099c3.html ← https://www.msn.com/en-in/money/markets/explainer-why-uae-s-opec-exit-...
2026-05-14 22:27:22,672 [INFO] [399/1171] Skip (exists): article_7e96fdfa26df3ea4dee12b75bf5d12b3.html ← https://m.economictimes.com/news/international/global-trends/us-trade-...
2026-05-14 22:27:22,672 [INFO] [400/1171] Skip (exists): article_b15aae473486d9477489806c22222bb0.html ← https://www.msn.com/en-us/money/markets/us-is-oil-supplier-of-last-res...
2026-05-14 22:27:22,672 [INFO] [401/1171] Fetching article: https://alhurra.com/en/15490...
2026-05-14 22:27:24,500 [WARNING] Failed (Attempt 1/3): Page.goto: net::ERR_HTTP2_PROTOCOL_ERROR at https://alhurra.com/en/15490
Call log:
  - navigating to "https://alhurra.com/en/15490", waiting until "domcontentloaded"

2026-05-14 22:27:34,624 [WARNING] Failed (Attempt 2/3): Page.goto: net::ERR_HTTP2_PROTOCOL_ERROR at https://alhurra.com/en/15490
Call log:
  - navigating to "https://alhurra.com/en/15490", waiting until "domcontentloaded"

2026-05-14 22:27:44,377 [WARNING] Failed (Attempt 3/3): Page.goto: net::ERR_HTTP2_PROTOCOL_ERROR at https://alhurra.com/en/15490
Call log:
  - navigating to "https://alhurra.com/en/15490", waiting until "domcontentloaded"

2026-05-14 22:27:47,833 [INFO] [402/1171] Skip (exists): article_02f84ad6133fd07df251da4193b22d26.html ← https://www.bbc.com/news/articles/c70vjpny0dno...
2026-05-14 22:27:47,833 [INFO] [403/1171] Skip (exists): article_1fdbcb60e1a6e2427a0f130a6a0b91f6.html ← https://www.cbsnews.com/news/ukraine-russia-war-strikes-shadow-fleet-o...
2026-05-14 22:27:47,833 [INFO] [404/1171] Skip (exists): article_8404806942ea97e72fcb20e20d3cc4e7.html ← https://finance.yahoo.com/sectors/energy/articles/russian-oil-cargo-se...
2026-05-14 22:27:47,833 [INFO] [405/1171] Fetching article: https://www.aljazeera.com/economy/2026/5/4/oil-prices-flat-as-trumps-p...
2026-05-14 22:27:54,274 [INFO] ✓ Saved HTML to article_b83268f609427f45b4e3c5c0f6aa760a.html
2026-05-14 22:27:59,245 [INFO] [406/1171] Fetching article: https://www.barchart.com/story/news/1691604/crude-oil-prices-surge-as-...
2026-05-14 22:28:16,745 [INFO] ✓ Saved HTML to article_cd51207a147e0f44dd85285a96cf6e69.html
2026-05-14 22:28:23,027 [INFO] [407/1171] Fetching article: https://www.voiceofalexandria.com/news/world/ukraine-hits-key-russian-...
2026-05-14 22:28:34,476 [INFO] ✓ Saved HTML to article_4a1be8b76a20689d696b2702e29b5195.html
2026-05-14 22:28:42,171 [INFO] [408/1171] Skip (exists): article_bbb92d5da48b9617a72f29f47d2653c4.html ← https://www.weex.com/wiki/article/what-is-russian-oil-asset-fund-roaf-...
2026-05-14 22:28:42,171 [INFO] [409/1171] Fetching article: https://www.business-standard.com/world-news/china-invokes-anti-sancti...
2026-05-14 22:28:47,036 [INFO] ✓ Saved HTML to article_35ef7e34c503f1d68ed94448c729218d.html
2026-05-14 22:28:54,723 [INFO] [410/1171] Fetching article: https://www.barchart.com/story/news/1687512/crude-oil-prices-surge-as-...
2026-05-14 22:29:06,987 [INFO] ✓ Saved HTML to article_f1f7d039e67c76a1352823389e623d4b.html
2026-05-14 22:29:12,852 [INFO] [411/1171] Skip (exists): article_2dd349678d93b431b3cbabe8e2035486.html ← https://www.rigzone.com/news/usa_crude_oil_inventories_drop_more_than_...
2026-05-14 22:29:12,852 [INFO] [412/1171] Skip (exists): article_0d98c14f8d98b82b56287fc71af0b319.html ← https://www.eia.gov/todayinenergy/detail.php?id=67625...
2026-05-14 22:29:12,852 [INFO] [413/1171] Skip (exists): article_c2848d75243962e4dbb58b94a6f0b4b4.html ← https://www.aa.com.tr/en/energy/oil/us-crude-oil-inventories-down-13-i...
2026-05-14 22:29:12,852 [INFO] [414/1171] Skip (exists): article_9658ac01223633e52724b0c5358c09e8.html ← https://www.investing.com/analysis/the-energy-report-us-shatters-crude...
2026-05-14 22:29:12,852 [INFO] [415/1171] Skip (exists): article_b1ee2458901fc6d2426efc4b9842cade.html ← https://www.rfdtv.com/slower-ethanol-production-offset-by-export-surge...
2026-05-14 22:29:12,852 [INFO] [416/1171] Skip (exists): article_4d0e7bc820f038b010e29cc208a9728a.html ← https://ts2.tech/en/gas-prices-hit-4-30-why-americas-oil-boom-isnt-sav...
2026-05-14 22:29:12,852 [INFO] [417/1171] Fetching article: https://naturalgasintel.com/news/global-natural-gas-benchmarks-rise-as...
2026-05-14 22:30:12,892 [WARNING] Failed (Attempt 1/3): Page.goto: Timeout 60000ms exceeded.
Call log:
  - navigating to "https://naturalgasintel.com/news/global-natural-gas-benchmarks-rise-as-el-ni%C3%B1o-threat-clouds-lng-supply-outlook/", waiting until "domcontentloaded"

2026-05-14 22:31:21,818 [WARNING] Failed (Attempt 2/3): Page.goto: Timeout 60000ms exceeded.
Call log:
  - navigating to "https://naturalgasintel.com/news/global-natural-gas-benchmarks-rise-as-el-ni%C3%B1o-threat-clouds-lng-supply-outlook/", waiting until "domcontentloaded"

2026-05-14 22:31:36,492 [INFO] ✓ Saved HTML to article_707c3e5697f2d62987c1ce9a04e355e6.html
2026-05-14 22:31:41,468 [INFO] [418/1171] Skip (exists): article_901692d362409d8504cdfd727779c48d.html ← https://www.offshore-energy.biz/gulf-lng-export-woes-push-gas-prices-u...
2026-05-14 22:31:41,468 [INFO] [419/1171] Skip (exists): article_2a15467ffb1929954a56c0bcb9715b41.html ← https://m.economictimes.com/news/international/us/why-are-gas-prices-d...
2026-05-14 22:31:41,468 [INFO] [420/1171] Skip (exists): article_6774070fcf2f2619bc9fca6cb684b149.html ← https://www.curacaochronicle.com/post/unknown/european-gas-market-on-e...
2026-05-14 22:31:41,468 [INFO] [421/1171] Skip (exists): article_cb92725bbc4f422c962f7bab12b4236a.html ← https://fr.tradingview.com/news/barchart:2734278d2094b:0-cold-us-temps...
2026-05-14 22:31:41,468 [INFO] [422/1171] Skip (exists): article_11e952c2e52d67ba1604ed90a3595e3e.html ← https://www.globalbankingandfinance.com/dutch-gas-prices-edge-lower-us...
2026-05-14 22:31:41,468 [INFO] [423/1171] Skip (exists): article_d446ba93f53ce68b6b21e7be33f79366.html ← https://naturalgasintel.com/news/ttf-jkm-climb-as-iran-us-threaten-new...
2026-05-14 22:31:41,468 [INFO] [424/1171] Fetching article: https://www.fxstreet.com/news/ttf-gas-market-seen-underpricing-risks-i...
2026-05-14 22:31:54,389 [INFO] ✓ Saved HTML to article_ea2afa663ce49fcfb1df40765d27e473.html
2026-05-14 22:31:58,801 [INFO] [425/1171] Fetching article: https://montelnews.com/videos/92593299/montel-news-energy-insights?v=1...
2026-05-14 22:32:12,151 [INFO] ✓ Saved HTML to article_f97a03b4c8e7ada87c63505e8282765a.html
2026-05-14 22:32:16,403 [INFO] [426/1171] Fetching article: https://naturalgasintel.com/news/why-hasnt-hormuz-closure-spiked-us-na...
2026-05-14 22:32:49,460 [INFO] ✓ Saved HTML to article_e0121f885ea0f2ab8039b4f73f443046.html
2026-05-14 22:32:55,308 [INFO] [427/1171] Skip (exists): article_6550c3cfb12dfb1ca96fd33ddd3634f1.html ← https://corporate.exxonmobil.com/publications/advancing-climate-soluti...
2026-05-14 22:32:55,309 [INFO] [428/1171] Fetching article: https://www.nature.com/articles/s44458-026-00068-0...
2026-05-14 22:33:02,844 [INFO] ✓ Saved HTML to article_02ef995f2c53086bd0645adb5e7fce20.html
2026-05-14 22:33:07,438 [INFO] [429/1171] Fetching article: https://progressivereform.org/cpr-blog/we-can-learn-from-the-oscillati...
2026-05-14 22:33:17,400 [INFO] ✓ Saved HTML to article_725bf0302821223532cce5f4775cd8f1.html
2026-05-14 22:33:23,847 [INFO] [430/1171] Fetching article: https://www.stocktitan.net/sec-filings/IMO/8-k-imperial-oil-ltd-report...
2026-05-14 22:33:29,468 [INFO] ✓ Saved HTML to article_92262629fa8cf9b3465c71b7caff9f1f.html
2026-05-14 22:33:35,011 [INFO] [431/1171] Fetching article: https://www.msn.com/en-ca/news/insight/carney-sees-alberta-pipeline-mo...
2026-05-14 22:33:42,730 [INFO] ✓ Saved HTML to article_2fa9bd3ad2d282d9ea3c9b8738580529.html
2026-05-14 22:33:46,948 [INFO] [432/1171] Fetching article: https://www.britannica.com/event/Persian-Gulf-War...
2026-05-14 22:33:57,079 [INFO] ✓ Saved HTML to article_19dfd45a3a2bf7f33bf43a7112b52561.html
2026-05-14 22:34:02,399 [INFO] [433/1171] Fetching article: https://www.nea.gov.sg/our-services/pollution-control/air-and-coastal-...
2026-05-14 22:34:02,922 [WARNING] Failed (Attempt 1/3): Page.goto: net::ERR_TUNNEL_CONNECTION_FAILED at https://www.nea.gov.sg/our-services/pollution-control/air-and-coastal-water-quality-monitoring
Call log:
  - navigating to "https://www.nea.gov.sg/our-services/pollution-control/air-and-coastal-water-quality-monitoring", waiting until "domcontentloaded"

2026-05-14 22:34:10,512 [WARNING] Failed (Attempt 2/3): Page.goto: net::ERR_TUNNEL_CONNECTION_FAILED at https://www.nea.gov.sg/our-services/pollution-control/air-and-coastal-water-quality-monitoring
Call log:
  - navigating to "https://www.nea.gov.sg/our-services/pollution-control/air-and-coastal-water-quality-monitoring", waiting until "domcontentloaded"

2026-05-14 22:34:20,128 [WARNING] Failed (Attempt 3/3): Page.goto: net::ERR_TUNNEL_CONNECTION_FAILED at https://www.nea.gov.sg/our-services/pollution-control/air-and-coastal-water-quality-monitoring
Call log:
  - navigating to "https://www.nea.gov.sg/our-services/pollution-control/air-and-coastal-water-quality-monitoring", waiting until "domcontentloaded"

2026-05-14 22:34:27,171 [INFO] [434/1171] Fetching article: https://www.wabe.org/us-and-iran-appear-to-move-closer-to-ending-their...
2026-05-14 22:34:33,999 [INFO] ✓ Saved HTML to article_29d15112ddfdab2428a2d51989f0ddef.html
2026-05-14 22:34:41,160 [INFO] [435/1171] Fetching article: https://www.france24.com/en/middle-east/20260507-middle-east-war-live-...
2026-05-14 22:34:49,643 [INFO] ✓ Saved HTML to article_6ef20715cd49b6321a38dba07b68685e.html
2026-05-14 22:34:56,055 [INFO] [436/1171] Fetching article: https://www.britannica.com/place/Kharg-Island...
2026-05-14 22:35:05,995 [INFO] ✓ Saved HTML to article_a9d79ce573e3c2d7293ad5c297de2abb.html
2026-05-14 22:35:10,350 [INFO] [437/1171] Fetching article: https://www.reuters.com/world/asia-pacific/middle-east-truce-doubt-us-...
2026-05-14 22:35:21,100 [INFO] ✓ Saved HTML to article_13e6f9c9c07066f834aa0ae9e18003c8.html
2026-05-14 22:35:27,154 [INFO] [438/1171] Fetching article: https://www.lowyinstitute.org/the-interpreter/how-trump-got-iran-wrong...
2026-05-14 22:35:35,354 [INFO] ✓ Saved HTML to article_98de8e43dd54309af0536af8cadd91c8.html
2026-05-14 22:35:42,585 [INFO] [439/1171] Fetching article: https://info.oregon.aaa.com/gas-prices-surge-national-average-jumps-31...
2026-05-14 22:36:34,875 [INFO] ✓ Saved HTML to article_ee43468dde5887ad06dd8b5fdba13e17.html
2026-05-14 22:36:42,445 [INFO] [440/1171] Skip (exists): article_d067915d16beda13a487dcd4cc4ea289.html ← https://www.belgrade-news.com/townnews/politics/u-s-gas-prices-surpass...
2026-05-14 22:36:42,445 [INFO] [441/1171] Skip (exists): article_a1382adcd2156f9de4fc28b386efca0f.html ← https://www.britannica.com/place/Zagros-Mountains...
2026-05-14 22:36:42,445 [INFO] [442/1171] Fetching article: https://www.reuters.com/business/energy/asia-battles-rising-uneven-tol...
2026-05-14 22:36:53,677 [INFO] ✓ Saved HTML to article_943b369d824337577f7d564ed011c92c.html
2026-05-14 22:37:01,535 [INFO] [443/1171] Skip (exists): article_b3d9e68dcb1ddbb7739eb8b57f3ca738.html ← https://www.trtworld.com/article/895caa503bdd...
2026-05-14 22:37:01,535 [INFO] [444/1171] Skip (exists): article_b231c179ba89d463801b44f6397bdc55.html ← https://www.oedigital.com/news/538684-us-naval-blockade-hammers-iran-o...
2026-05-14 22:37:01,535 [INFO] [445/1171] Skip (exists): article_c4199bd28e641489491b5c5758a0e130.html ← https://www.middleeastmonitor.com/20260501-uae-oil-break-exposes-deepe...
2026-05-14 22:37:01,535 [INFO] [446/1171] Skip (exists): article_8bc02fcd5e6b8a022bd2a12da808d1c8.html ← https://www.msn.com/en-us/news/insight/uae-s-opec-exit-sets-stage-for-...
2026-05-14 22:37:01,535 [INFO] [447/1171] Skip (exists): article_4fe255916439a41730d8582b9d7df1fd.html ← https://www.sanjuandailystar.com/post/united-arab-emirates-says-it-wil...
2026-05-14 22:37:01,535 [INFO] [448/1171] Skip (exists): article_a84269d3bc24b1a86e99722a9464fa68.html ← https://www.dw.com/en/uae-oil-exit-from-opec-signals-focus-on-domestic...
2026-05-14 22:37:01,535 [INFO] [449/1171] Skip (exists): article_32a623120d2a60ea13e594683d472d38.html ← https://www.france24.com/en/middle-east/20260501-middle-east-war-live-...
2026-05-14 22:37:01,535 [INFO] [450/1171] Skip (exists): article_f6a02b2ddf6d89817908e3fc31f317a8.html ← https://www.crisisgroup.org/sco/global/our-radar...
2026-05-14 22:37:01,535 [INFO] [451/1171] Skip (exists): article_2e0fffaacb00c442da8f27e88cbaf25f.html ← https://www.hindustantimes.com/videos/as-gulf-burns-opec-stumbles-can-...
2026-05-14 22:37:01,535 [INFO] [452/1171] Skip (exists): article_076f3b1984e2a371adae054030415e91.html ← https://www.cubaheadlines.com/articles/328799...
2026-05-14 22:37:01,535 [INFO] [453/1171] Fetching article: https://markets.businessinsider.com/news/commodities/oil-price-today-c...
2026-05-14 22:37:10,394 [INFO] ✓ Saved HTML to article_e2dfec8b61c2a8aafa134b3a1c210680.html
2026-05-14 22:37:14,185 [INFO] [454/1171] Fetching article: https://www.reuters.com/business/energy/oil-prices-little-changed-ceas...
2026-05-14 22:37:28,361 [INFO] ✓ Saved HTML to article_7902bda8baafed5ede7653d34af5ef52.html
2026-05-14 22:37:33,662 [INFO] [455/1171] Fetching article: https://www.nytimes.com/2026/05/07/business/oil-gas-price-iran.html...
2026-05-14 22:37:43,870 [INFO] ✓ Saved HTML to article_717cbc5a7da0c8b29e15b487489ce105.html
2026-05-14 22:37:47,250 [INFO] [456/1171] Fetching article: https://www.bbc.com/news/articles/c4g8zejyyr3o...
2026-05-14 22:37:59,073 [INFO] ✓ Saved HTML to article_18ee6af5cea54dbed3cb40b1cbde7890.html
2026-05-14 22:38:03,136 [INFO] [457/1171] Fetching article: https://www.nbcnews.com/business/business-news/oil-markets-gas-prices-...
2026-05-14 22:39:03,164 [WARNING] Failed (Attempt 1/3): Page.goto: Timeout 60000ms exceeded.
Call log:
  - navigating to "https://www.nbcnews.com/business/business-news/oil-markets-gas-prices-450-us-iran-near-deal-end-war-hormuz-rcna343819", waiting until "domcontentloaded"

2026-05-14 22:39:23,315 [INFO] ✓ Saved HTML to article_8a51078e26c9e0714bb2d1e990d50688.html
2026-05-14 22:39:26,721 [INFO] [458/1171] Skip (exists): article_07a519e75fa0349e8723eb2a928f6300.html ← https://fortune.com/article/price-of-oil-05-06-2026/...
2026-05-14 22:39:26,721 [INFO] [459/1171] Skip (exists): article_f0a40385cdbefae51a85d6badaebe809.html ← https://m.economictimes.com/news/international/us/wti-crude-oil-price-...
2026-05-14 22:39:26,721 [INFO] [460/1171] Skip (exists): article_bcc772076fec955ea0f54cf98e6e8c56.html ← https://www.cnbc.com/2026/05/07/oil-prices-today-trump-iran-strait-of-...
2026-05-14 22:39:26,721 [INFO] [461/1171] Skip (exists): article_f0a7888ae85b1936efa33c70f15b15fb.html ← https://oilprice.com/Latest-Energy-News/World-News/Oil-Prices-Edge-Hig...
2026-05-14 22:39:26,722 [INFO] [462/1171] Skip (exists): article_66be8657935bb7d68df0116657e81a0a.html ← https://www.aljazeera.com/news/2026/5/6/gasoline-in-the-us-costs-50-mo...
2026-05-14 22:39:26,722 [INFO] [463/1171] Skip (exists): article_b7a480f6343f4807bea922cc8eb110d2.html ← https://www.aol.com/articles/us-taps-millions-more-barrels-165129153.h...
2026-05-14 22:39:26,722 [INFO] [464/1171] Skip (exists): article_5a7d7c12833b16f7f24cdb336c693602.html ← https://www.msn.com/en-in/news/world/emergency-playbook-for-worldwide-...
2026-05-14 22:39:26,722 [INFO] [465/1171] Skip (exists): article_6fdd4d935587e0cbb9dda7fd9995b996.html ← https://www.livemint.com/economy/west-asia-war-electricity-demand-indi...
2026-05-14 22:39:26,722 [INFO] [466/1171] Skip (exists): article_733728ca3c0e70960c933cae146c258f.html ← https://energynow.ca/2026/02/oil-stockpiles-swelled-last-year-by-most-...
2026-05-14 22:39:26,722 [INFO] [467/1171] Fetching article: https://www.mexc.com/news/1066643...
2026-05-14 22:39:49,223 [INFO] ✓ Saved HTML to article_5bef56566a4a1d99bef156a4f0f40d44.html
2026-05-14 22:39:52,367 [INFO] [468/1171] Skip (exists): article_c4a996a71123d3f772d0fa602bd46086.html ← https://energynow.ca/2026/03/world-faces-largest-ever-oil-supply-disru...
2026-05-14 22:39:52,367 [INFO] [469/1171] Fetching article: https://www.britannica.com/science/petroleum/Major-oil-producing-count...
2026-05-14 22:40:01,813 [INFO] ✓ Saved HTML to article_9367d12e332c2ae57bbc06b97e432491.html
2026-05-14 22:40:07,171 [INFO] [470/1171] Skip (exists): article_4110a69e70246ebf8f85533c1049e4e3.html ← https://www.britannica.com/science/petroleum/Status-of-the-world-oil-s...
2026-05-14 22:40:07,171 [INFO] [471/1171] Skip (exists): article_fd22f29fde10136feb67e8b679ac7c7d.html ← https://www.msn.com/en-us/money/markets/europe-emerges-as-key-buyer-of...
2026-05-14 22:40:07,171 [INFO] [472/1171] Skip (exists): article_d9bc7cfc6930781f12f3df9b060ff75d.html ← https://www.theglobeandmail.com/business/article-iea-fatih-birol-mark-...
2026-05-14 22:40:07,171 [INFO] [473/1171] Skip (exists): article_740e7fae94d99c0d2baed8464511525f.html ← https://www.newsbytesapp.com/news/business/hormuz-crisis-global-oil-su...
2026-05-14 22:40:07,171 [INFO] [474/1171] Fetching article: https://news.laodong.vn/the-gioi/nga-tranh-thu-mo-rong-thi-truong-dau-...
2026-05-14 22:40:23,245 [WARNING] Failed (Attempt 1/3): Page.content: Unable to retrieve content because the page is navigating and changing the content.
2026-05-14 22:40:47,568 [WARNING] Failed (Attempt 2/3): Page.content: Unable to retrieve content because the page is navigating and changing the content.
2026-05-14 22:41:20,030 [WARNING] Failed (Attempt 3/3): Page.content: Unable to retrieve content because the page is navigating and changing the content.
2026-05-14 22:41:24,649 [INFO] [475/1171] Skip (exists): article_6d6c8d55dfa9be234572616d41cf1b38.html ← https://www.icis.com/chemicals-and-the-economy/2026/05/oil-and-product...
2026-05-14 22:41:24,649 [INFO] [476/1171] Skip (exists): article_8e39a570b43e3e6e843a4c8ba1c0b222.html ← https://www.chosun.com/english/industry-en/2026/05/05/NTXEY3GYB5FAFFM6...
2026-05-14 22:41:24,649 [INFO] [477/1171] Skip (exists): article_0b84519b1f905f9c7e3a32c75adbb785.html ← https://cryptorank.io/news/feed/bee80-institutional-demand-at-500-of-b...
2026-05-14 22:41:24,650 [INFO] [478/1171] Skip (exists): article_b6793aff565afb41d158934cd1c2df57.html ← https://www.msn.com/en-us/money/markets/middle-east-war-is-causing-lar...
2026-05-14 22:41:24,650 [INFO] [479/1171] Skip (exists): article_2eab0d49ecb8276d28e4472fdc4583b7.html ← https://www.mexc.com/news/1069539...
2026-05-14 22:41:24,650 [INFO] [480/1171] Skip (exists): article_2d3e71e4a9dcb22f56f1dbc4957d35b7.html ← https://www.aljazeera.com/economy/2026/5/12/africas-richest-man-plans-...
2026-05-14 22:41:24,650 [INFO] [481/1171] Skip (exists): article_72714cb1c2c3b5e99897bfa9865df6be.html ← https://africa.businessinsider.com/local/markets/africas-oil-giants-ni...
2026-05-14 22:41:24,650 [INFO] [482/1171] Skip (exists): article_1f3622ef2982e7cd4094740e2e8c7a8b.html ← https://www.msn.com/en-us/news/world/nigerian-billionaire-dangote-favo...
2026-05-14 22:41:24,650 [INFO] [483/1171] Skip (exists): article_9b7fb70759a12f0a56eea15ebcd90df3.html ← https://oilprice.com/Energy/Crude-Oil/After-Squandering-25B-In-Refiner...
2026-05-14 22:41:24,650 [INFO] [484/1171] Skip (exists): article_35d5569bdbafa47fd3baec1129187eed.html ← https://businessday.ng/energy/article/dangote-refinery-increases-petro...
2026-05-14 22:41:24,650 [INFO] [485/1171] Skip (exists): article_9a88659047a8b30ce7f10bc867b407b8.html ← https://fathomjournal.org/3109db0fsmm/4d1df585-OZs72HfWwTA.html...
2026-05-14 22:41:24,650 [INFO] [486/1171] Skip (exists): article_5e832bc95ecd7a4d5415424325353f70.html ← https://africa.businessinsider.com/local/markets/africas-largest-refin...
2026-05-14 22:41:24,650 [INFO] [487/1171] Skip (exists): article_9b44c7f26ebcf1e204897d4913d8e81c.html ← https://www.channelstv.com/2026/05/12/dangote-targets-50bn-ipo-valuati...
2026-05-14 22:41:24,650 [INFO] [488/1171] Skip (exists): article_30e0ff369c59234d11fc7875a729e034.html ← https://punchng.com/nigeria-exported-485m-barrels-of-crude-in-2025-rep...
2026-05-14 22:41:24,651 [INFO] [489/1171] Skip (exists): article_d478b75842d212e24407f05136261f36.html ← https://investorsking.com/2026/05/12/aliko-dangote-eyes-5-billion-shar...
2026-05-14 22:41:24,651 [INFO] [490/1171] Skip (exists): article_658747fadd08715c580cf91240a7a572.html ← https://www.marketplace.org/story/2026/04/30/why-oil-prices-predicted-...
2026-05-14 22:41:24,651 [INFO] [491/1171] Skip (exists): article_5296b010987b4f834710f85693d6aa19.html ← https://www.nytimes.com/2026/04/30/business/oil-gas-price-iran.html...
2026-05-14 22:41:24,651 [INFO] [492/1171] Skip (exists): article_600b87d7604f04654add587c01e510ca.html ← https://www.elpasotimes.com/story/money/2026/04/30/why-are-gas-prices-...
2026-05-14 22:41:24,651 [INFO] [493/1171] Skip (exists): article_da8185a9ddec1262cf7f4cdb7fe4b957.html ← https://www.reuters.com/business/energy/oil-retreats-after-hitting-fou...
2026-05-14 22:41:24,651 [INFO] [494/1171] Skip (exists): article_f5ec78bffb2acd8db1499eb25770e544.html ← https://www.bbc.com/news/articles/cx21m88rd14o...
2026-05-14 22:41:24,651 [INFO] [495/1171] Skip (exists): article_7c336c2081e7d5a58bfedceecb493d56.html ← https://fortune.com/article/price-of-oil-04-30-2026/...
2026-05-14 22:41:24,651 [INFO] [496/1171] Skip (exists): article_c7eb23ccc0368912630ef8adfc1ecdab.html ← https://www.cbc.ca/news/world/iran-war-oil-price-markets-9.7182448...
2026-05-14 22:41:24,651 [INFO] [497/1171] Skip (exists): article_9ef1cf553a0089e7bf140a30fc0dac32.html ← https://thehill.com/policy/energy-environment/5856797-brent-crude-oil-...
2026-05-14 22:41:24,651 [INFO] [498/1171] Skip (exists): article_a04b1c0bdfb588a384c3f8e95d4b07bf.html ← https://cryptobriefing.com/iran-threat-boosts-brent-crude-futures-to-1...
2026-05-14 22:41:24,651 [INFO] [499/1171] Skip (exists): article_f17a3699d4768bbbc5df5975921a4834.html ← https://247wallst.com/investing/2026/04/30/brent-crude-spikes-to-117-o...
2026-05-14 22:41:24,651 [INFO] [500/1171] Skip (exists): article_2005a3796d0e3beaf253ae2ae5993a04.html ← http://paenvironmentdaily.blogspot.com/2026/04/dep-receives-federal-fu...
2026-05-14 22:41:24,651 [INFO] [501/1171] Skip (exists): article_62aa876d219a28fd37dc9339b58972f3.html ← https://cape.ca/press_release/cape-response-to-spring-economic-update-...
2026-05-14 22:41:24,651 [INFO] [502/1171] Skip (exists): article_cda5916a00eace576ebae675fae58d89.html ← https://vocal.media/futurism/europe-sulphur-recovery-technologies-mark...
2026-05-14 22:41:24,652 [INFO] [503/1171] Skip (exists): article_7ef97ba6f2c258f062a30a8c665952ea.html ← https://www.timescolonist.com/national-news/feds-formalize-enhanced-oi...
2026-05-14 22:41:24,652 [INFO] [504/1171] Skip (exists): article_452164dbe2bff1bad598d7f144bdd1d6.html ← https://rbnenergy.com/daily-posts/blog/refinery-capacity-creep-falling...
2026-05-14 22:41:24,652 [INFO] [505/1171] Skip (exists): article_a097c0e251b18b9bca6e16702188a3fe.html ← https://www.energyintel.com/0000019d-fee3-d463-adbf-fef7e5040000...
2026-05-14 22:41:24,652 [INFO] [506/1171] Skip (exists): article_7dffcce08146ef3466c2c682669097c6.html ← https://www.marketwatch.com/story/investors-should-seek-to-profit-from...
2026-05-14 22:41:24,652 [INFO] [507/1171] Skip (exists): article_68b75796e22387828da7483091c74a67.html ← https://www.benzinga.com/markets/economic-data/26/05/52392388/gas-pric...
2026-05-14 22:41:24,652 [INFO] [508/1171] Skip (exists): article_4363de382d810be410b2014abadcab46.html ← https://www.qcintel.com/article/suncor-sells-first-jet-fuel-cargo-to-e...
2026-05-14 22:41:24,652 [INFO] [509/1171] Skip (exists): article_bb654eac35f4beaf1dcad61a0ce2254d.html ← https://boereport.com/2026/05/06/suncor-ratcheting-up-output-of-diesel...
2026-05-14 22:41:24,652 [INFO] [510/1171] Skip (exists): article_9e663af3040ba540e30d8b9b779277d3.html ← https://www.britannica.com/money/prediction-markets...
2026-05-14 22:41:24,652 [INFO] [511/1171] Skip (exists): article_81a74f7f8421c5fcb327c3ac71fcf636.html ← https://www.aol.com/articles/par-pacific-parr-q1-2026-151214383.html...
2026-05-14 22:41:24,652 [INFO] [512/1171] Skip (exists): article_d2d82635c548a7b6c46a6036cfd54a39.html ← https://www.tradingview.com/symbols/DIESEL/...
2026-05-14 22:41:24,652 [INFO] [513/1171] Skip (exists): article_45226cc33a05903001fc0e20513e13cb.html ← https://www.presidentialprayerteam.org/2026/05/04/energy-department-re...
2026-05-14 22:41:24,652 [INFO] [514/1171] Skip (exists): article_4bc33184cf808ba634d63bf6a02b5bbf.html ← https://www.ksmu.org/2026-05-03/gas-prices-went-up-more-than-30-cents-...
2026-05-14 22:41:24,652 [INFO] [515/1171] Skip (exists): article_0c3b9b193d2696a9de3044c9dde005d0.html ← https://fortune.com/article/price-of-oil-05-04-2026/...
2026-05-14 22:41:24,652 [INFO] [516/1171] Skip (exists): article_342ef465ae24da6e5958bd8853997bd2.html ← https://www.rappler.com/business/pump-prices-rise-after-diesel-rollbac...
2026-05-14 22:41:24,652 [INFO] [517/1171] Skip (exists): article_f48416c0d7c77bb6e83426b1a85c8763.html ← https://www.straitstimes.com/business/economy/singapore-retail-sales-g...
2026-05-14 22:41:24,652 [INFO] [518/1171] Skip (exists): article_7e51e88e482b5256fcb8de39ec368530.html ← https://news.ssbcrack.com/gas-prices-surge-over-30-cents-as-iran-war-c...
2026-05-14 22:41:24,652 [INFO] [519/1171] Skip (exists): article_f3a35cbc6ab305524f6fa9faff6c6c8b.html ← https://www.msn.com/en-in/money/topstories/why-are-lower-crude-prices-...
2026-05-14 22:41:24,652 [INFO] [520/1171] Skip (exists): article_019f58ffc6b28f6b68962761d0f908e6.html ← https://countercurrents.org/2026/05/the-oil-security-paradox-every-war...
2026-05-14 22:41:24,653 [INFO] [521/1171] Skip (exists): article_21eaf3dd850fa10541dbdb4ecc330622.html ← https://www.britannica.com/place/Oman/Trade...
2026-05-14 22:41:24,653 [INFO] [522/1171] Skip (exists): article_ea7a0c0fcae20621a73e26c8bd5d18c1.html ← https://m.economictimes.com/industry/energy/oil-gas/indias-oil-compani...
2026-05-14 22:41:24,653 [INFO] [523/1171] Skip (exists): article_ac97a9c87e6ac1c3947af9c1dee1df7a.html ← https://www.straitstimes.com/asia/south-asia/less-gold-less-travel-mod...
2026-05-14 22:41:24,653 [INFO] [524/1171] Skip (exists): article_dd0c8acd534d21c4fc4430e23be9f0cf.html ← https://ng.investing.com/news/stock-market-news/earnings-call-transcri...
2026-05-14 22:41:24,653 [INFO] [525/1171] Skip (exists): article_6d15d7be297cb634c0ace75021df803d.html ← https://www.newsweek.com/map-shows-states-where-gas-prices-expected-to...
2026-05-14 22:41:24,653 [INFO] [526/1171] Skip (exists): article_02b2289d21475d4bd908656d8af4af13.html ← https://kalkinemedia.com/us/stocks/energy/marathon-petroleum-keeps-ene...
2026-05-14 22:41:24,653 [INFO] [527/1171] Skip (exists): article_78bb393787821dfd1d35e16df285216f.html ← https://www.theglobeandmail.com/investing/markets/stocks/MPC/pressrele...
2026-05-14 22:41:24,653 [INFO] [528/1171] Skip (exists): article_12ef7a67bc35f83e7a6849364b0a1b9b.html ← https://kalkine.com.au/news/general-news/goldman-warns-refined-fuel-bu...
2026-05-14 22:41:24,653 [INFO] [529/1171] Skip (exists): article_213ce407c7da2b04a067019fca0e61f4.html ← https://kalkine.com.au/news/energy/oil-drops-3-as-fragile-us-iran-ceas...
2026-05-14 22:41:24,654 [INFO] [530/1171] Skip (exists): article_b6d0b15afed25505d3a5556bd24b5a5a.html ← https://www.qcintel.com/article/reliance-to-shut-jamnagar-unit-in-may-...
2026-05-14 22:41:24,654 [INFO] [531/1171] Skip (exists): article_1cf418424e2b37bc47c483131177c048.html ← https://energynow.com/2026/05/marathon-petroleum-profit-beats-estimate...
2026-05-14 22:41:24,654 [INFO] [532/1171] Skip (exists): article_99c622d33278453ea0559ba5fd109fac.html ← https://africa.businessinsider.com/local/leaders/africas-richest-man-c...
2026-05-14 22:41:24,654 [INFO] [533/1171] Skip (exists): article_7cd4080f28db2c2b0b7fe0794417aec1.html ← https://www.vanguardngr.com/2026/05/nigeria-oil-firms-export-80-of-cru...
2026-05-14 22:41:24,654 [INFO] [534/1171] Skip (exists): article_ef4529d9f2c89faf8d13666952e7d114.html ← https://punchng.com/dangote-eyes-kenya-for-17bn-refinery-project/...
2026-05-14 22:41:24,654 [INFO] [535/1171] Skip (exists): article_ce6de27fe5caa1a0a3fd77651c9f97af.html ← https://www.pulse.co.ke/story/why-dangote-is-betting-on-kenya-over-tan...
2026-05-14 22:41:24,654 [INFO] [536/1171] Skip (exists): article_09b006c98622821e9f3ad6eb90a35028.html ← https://www.eurasiareview.com/11052026-the-next-energy-superpower-may-...
2026-05-14 22:41:24,654 [INFO] [537/1171] Skip (exists): article_56d78cc7a10699ac99bd10bd0cd26fba.html ← https://www.indexbox.io/blog/cabinda-oil-refinery-in-angola-begins-fue...
2026-05-14 22:41:24,654 [INFO] [538/1171] Skip (exists): article_0f21440e719fa5c7e0ab633250415e42.html ← https://weeklyblitz.net/2026/05/10/nigerias-hormuz-crisis-exposes-deep...
2026-05-14 22:41:24,654 [INFO] [539/1171] Skip (exists): article_fa34b70e6e6353de3c3be9b74451925d.html ← https://www.msn.com/en-xl/africa/nigeria/tinubu-s-reform-gains-rising/...
2026-05-14 22:41:24,654 [INFO] [540/1171] Skip (exists): article_2b460aec8cad5889f8acb7bf37e136d3.html ← https://www.news24.com/business/economy/how-nigeria-flipped-from-disco...
2026-05-14 22:41:24,654 [INFO] [541/1171] Skip (exists): article_cf310c74602d2d8477bfe926dfad49a9.html ← https://ttybrandafrica.com/africas-richest-man-aliko-dangote-targets-k...
2026-05-14 22:41:24,654 [INFO] [542/1171] Skip (exists): article_a6027d48702c41d320bf3cebdfdb3efb.html ← https://www.reuters.com/business/energy/opec-set-agree-another-oil-out...
2026-05-14 22:41:24,654 [INFO] [543/1171] Skip (exists): article_fb0b4b887dd32259e88c21e12d91bcb8.html ← https://www.atlanticcouncil.org/blogs/energysource/breaking-with-opec-...
2026-05-14 22:41:24,654 [INFO] [544/1171] Skip (exists): article_b57f53f53c75147e4faab80639a25881.html ← https://eurasianet.org/kazakhstan-sticking-with-opec...
2026-05-14 22:41:24,654 [INFO] [545/1171] Skip (exists): article_565e0b45b8d2821316500aad2cba1992.html ← https://www.marketpulse.com/markets/fragmentation-within-opec-uea-exit...
2026-05-14 22:41:24,654 [INFO] [546/1171] Skip (exists): article_3151535fa17cd4a51c4bca789ad13a56.html ← https://theconversation.com/uaes-departure-from-opec-tells-a-story-abo...
2026-05-14 22:41:24,654 [INFO] [547/1171] Skip (exists): article_e6e45b2a3d5c5d2f00516f59f07ec299.html ← https://www.washingtontimes.com/news/2026/apr/30/uaes-surprise-opec-ex...
2026-05-14 22:41:24,654 [INFO] [548/1171] Skip (exists): article_9e75ebf457e3a188dbc2e2e937f8fe9b.html ← https://www.democracynow.org/2026/4/29/akshat_rathi_iran_war_energy_tr...
2026-05-14 22:41:24,655 [INFO] [549/1171] Skip (exists): article_27f44cf95c9a5cfeca019a7e1f844f5f.html ← https://accesswdun.com/ap_article/asian-stocks-gain-and-oil-prices-dec...
2026-05-14 22:41:24,655 [INFO] [550/1171] Skip (exists): article_561cf224ebae1598bf370ee84c5f5ba6.html ← https://www.timesfreepress.com/news/2026/apr/29/united-arab-emirates-w...
2026-05-14 22:41:24,655 [INFO] [551/1171] Skip (exists): article_1cf8c790ae0c069a5cc5beefa3689187.html ← https://www.oilandgasmiddleeast.com/news/opec-output-hike...
2026-05-14 22:41:24,655 [INFO] [552/1171] Skip (exists): article_a345914217689cc91486faf3373a7da6.html ← https://fortune.com/article/price-of-oil-05-01-2026/...
2026-05-14 22:41:24,655 [INFO] [553/1171] Skip (exists): article_48760572ae726f7de0195c68fb46e6d1.html ← https://www.cnbc.com/2026/05/01/kalshi-traders-think-us-oil-prices-are...
2026-05-14 22:41:24,655 [INFO] [554/1171] Skip (exists): article_cfe388319404fae6b28c5fd800d4b264.html ← https://www.aljazeera.com/news/2026/5/1/oil-prices-rise-again-with-lit...
2026-05-14 22:41:24,655 [INFO] [555/1171] Skip (exists): article_f3d0990fbb7c9d9268d6ae546a84fa32.html ← https://www.investing.com/news/commodities-news/oil-prices-dip-after-5...
2026-05-14 22:41:24,655 [INFO] [556/1171] Skip (exists): article_0ca66f36a8a488af963284e6fba0ba9c.html ← https://oilprice.com/Latest-Energy-News/World-News/Oil-Prices-Fall-as-...
2026-05-14 22:41:24,655 [INFO] [557/1171] Skip (exists): article_fd00acdafd9b766ad784e682c70c9ef6.html ← https://timesofindia.indiatimes.com/business/international-business/cr...
2026-05-14 22:41:24,655 [INFO] [558/1171] Skip (exists): article_c3770b0fe51759182373cd23ab06c01c.html ← https://www.barrons.com/articles/oil-prices-today-brent-wti-iran-098b4...
2026-05-14 22:41:24,655 [INFO] [559/1171] Skip (exists): article_63c6ae4111293c9935881055e4e04941.html ← https://fortune.com/article/price-of-oil-05-12-2026/...
2026-05-14 22:41:24,655 [INFO] [560/1171] Skip (exists): article_76458324c5e6a1fc2f8b5626d1c7d4f2.html ← https://info.oregon.aaa.com/gas-price-increases-cool-off-but-crude-oil...
2026-05-14 22:41:24,655 [INFO] [561/1171] Skip (exists): article_171525ff7fe45cd04865491789201c06.html ← https://www.nytimes.com/2026/05/12/business/oil-prices-rise-us-iran.ht...
2026-05-14 22:41:24,655 [INFO] [562/1171] Skip (exists): article_88bef91d471e512ee0451e0dd2bf2bc6.html ← https://energynow.com/2026/03/goldman-sachs-raises-2026-brent-crude-av...
2026-05-14 22:41:24,655 [INFO] [563/1171] Skip (exists): article_ee4f8965d3a63b5255c48e7af6851394.html ← https://www.cnbc.com/2026/05/12/five-reasons-why-oil-prices-havent-sur...
2026-05-14 22:41:24,655 [INFO] [564/1171] Skip (exists): article_358ded542dfe447b2a361d3c00c46308.html ← https://www.forex.com/en-us/news-and-analysis/crude-oil-forecast-techn...
2026-05-14 22:41:24,655 [INFO] [565/1171] Skip (exists): article_d87a2e02aad9e8048a8c57905b1c38be.html ← https://finance.yahoo.com/markets/commodities/articles/brent-crude-oil...
2026-05-14 22:41:24,655 [INFO] [566/1171] Skip (exists): article_b3613b20a3709be6e4f9db8eb851e634.html ← https://www.marketwatch.com/story/oil-price-charts-produced-a-pattern-...
2026-05-14 22:41:24,655 [INFO] [567/1171] Skip (exists): article_b6dcafb9eb855c2cd682188a1bcfb0e4.html ← https://www.reuters.com/business/energy/oil-prices-rise-fragile-us-ira...
2026-05-14 22:41:24,655 [INFO] [568/1171] Skip (exists): article_cdbd6bafe09194114ccfe5de9d49f503.html ← https://www.rttnews.com/amp/3650809/extended-surge-by-crude-oil-prices...
2026-05-14 22:41:24,656 [INFO] [569/1171] Skip (exists): article_7b62fc74d96a4b16863412315f776978.html ← https://www.newyorker.com/news/the-lede/the-art-of-the-ceasefire...
2026-05-14 22:41:24,656 [INFO] [570/1171] Skip (exists): article_af29c9051b0a628b4904dfb2e1766996.html ← https://www.cbsnews.com/live-updates/iran-war-trump-us-attacks-qeshm-i...
2026-05-14 22:41:24,656 [INFO] [571/1171] Skip (exists): article_5dad876e7791ceebeef70fa1519f0996.html ← https://www.aol.com/articles/iran-hangs-another-man-executions-1027480...
2026-05-14 22:41:24,656 [INFO] [572/1171] Skip (exists): article_fb38f3737b4a8a09610df44834eb3014.html ← https://spectrumlocalnews.com/us/snplus/international/2026/05/12/iran-...
2026-05-14 22:41:24,656 [INFO] [573/1171] Skip (exists): article_194f2acb8c92ae5c1cdc3ccbc16ac900.html ← https://www.tbsnews.net/worldbiz/middle-east/trump-calls-irans-respons...
2026-05-14 22:41:24,656 [INFO] [574/1171] Skip (exists): article_eb98265e2b093d237ce7b8d4da465cff.html ← https://www.arise.tv/life-support-trump-dismisses-iran-peace-proposal-...
2026-05-14 22:41:24,656 [INFO] [575/1171] Skip (exists): article_b6c8bb507cd6223f1ca2b908d3baf7d4.html ← https://www.msn.com/en-us/money/markets/the-iran-war-has-broken-the-oi...
2026-05-14 22:41:24,656 [INFO] [576/1171] Skip (exists): article_2191eb3fedef1623ed86befae9a7a8bb.html ← https://www.hydrocarbonprocessing.com/news/2026/05/azerbaijans-state-o...
2026-05-14 22:41:24,656 [INFO] [577/1171] Skip (exists): article_52d7368716f0686089904f3022e41c0f.html ← https://www.hydrocarbonprocessing.com/news/2026/05/seven-markets-to-tr...
2026-05-14 22:41:24,656 [INFO] [578/1171] Skip (exists): article_17c030334be5cd7c594ae6abd6c32943.html ← https://www.qcintel.com/article/sk-energy-shuts-key-crude-unit-at-ulsa...
2026-05-14 22:41:24,656 [INFO] [579/1171] Skip (exists): article_26096a921d50e709e365684aacfb8b43.html ← https://discoveryalert.com.au/brent-futures-physical-market-stress-dat...
2026-05-14 22:41:24,656 [INFO] [580/1171] Skip (exists): article_1ac840be99ad65b003da50744f82d441.html ← https://www.ad-hoc-news.de/boerse/news/ueberblick/hindustan-petroleum-...
2026-05-14 22:41:24,656 [INFO] [581/1171] Skip (exists): article_f36d79d5628de5dffcac53507ac13571.html ← https://www.ad-hoc-news.de/boerse/news/ueberblick/imperial-oil-ltd-sto...
2026-05-14 22:41:24,656 [INFO] [582/1171] Skip (exists): article_b65f12e641bbc62dab9a8d2c71b4e10c.html ← https://www.msn.com/en-us/money/markets/valero-energy-earnings-to-skyr...
2026-05-14 22:41:24,656 [INFO] [583/1171] Skip (exists): article_3f18592441623c4e05ddb50fabb98ea1.html ← https://www.qcintel.com/article/fuel-oil-asian-vlsfo-firms-as-singapor...
2026-05-14 22:41:24,656 [INFO] [584/1171] Skip (exists): article_a7f7e583772d9334b3166defd16e3fb4.html ← https://www.abc10.com/article/news/nation-world/united-states-energy-d...
2026-05-14 22:41:24,656 [INFO] [585/1171] Skip (exists): article_43856af1fbbb0a29277c4ba56659c488.html ← https://www.wthr.com/video/news/nation-world/attack-on-iran/us-to-rele...
2026-05-14 22:41:24,656 [INFO] [586/1171] Skip (exists): article_833abe82d5ecef9de46600c04e742a6f.html ← https://www.aljazeera.com/economy/2026/5/12/us-moves-to-release-more-o...
2026-05-14 22:41:24,656 [INFO] [587/1171] Skip (exists): article_60782b93fbc81548c82de83f1f427195.html ← https://investinglive.com/commodities/the-latest-trump-pump-us-to-loan...
2026-05-14 22:41:24,656 [INFO] [588/1171] Skip (exists): article_a73b58a7bd16e5e179964456d9b43b87.html ← https://en.mehrnews.com/news/244459/US-to-release-53-3-million-barrels...
2026-05-14 22:41:24,656 [INFO] [589/1171] Skip (exists): article_f3fe4fb4a98cc4ccb03ee284b1a5c1ca.html ← https://www.offshore-technology.com/news/doe-contracts-to-exchange-53-...
2026-05-14 22:41:24,657 [INFO] [590/1171] Skip (exists): article_ac95af52b07d7ee489035804c2303ae4.html ← https://www.industrialinfo.com/iirenergy/industry-news/article/targa-r...
2026-05-14 22:41:24,657 [INFO] [591/1171] Skip (exists): article_d76cdf61fae3eb5617d71e05c950a88d.html ← https://www.reuters.com/business/energy/us-loan-533-million-barrels-oi...
2026-05-14 22:41:24,657 [INFO] [592/1171] Skip (exists): article_4eba918b339a957b532ffb398c6e683f.html ← https://energynewsbeat.co/crude-oil/trump-administration-releases-more...
2026-05-14 22:41:24,657 [INFO] [593/1171] Skip (exists): article_fbdab5ea28531d97d4d4d4d89738f4fc.html ← https://www.theenergymix.com/fossil-industry-disavows-canada-alberta-m...
2026-05-14 22:41:24,657 [INFO] [594/1171] Skip (exists): article_8e813c6e7b2e3277bddcc281c50ef0aa.html ← https://dailyenergyinsider.com/featured/43535-epas-new-pollution-limit...
2026-05-14 22:41:24,657 [INFO] [595/1171] Skip (exists): article_6935d41161f0d14e1831f7bde8281a4a.html ← https://globalnews.ca/news/11837684/cenovus-oilsands-development/...
2026-05-14 22:41:24,657 [INFO] [596/1171] Skip (exists): article_f94d1590203d42aa10e929f72636c519.html ← https://energynow.ca/2026/05/the-iea-told-canada-to-stop-now-it-says-s...
2026-05-14 22:41:24,657 [INFO] [597/1171] Skip (exists): article_c0a6f13bf59727f3e7ce13dd7aecfe22.html ← https://www.theglobeandmail.com/business/article-alberta-pushing-for-l...
2026-05-14 22:41:24,657 [INFO] [598/1171] Skip (exists): article_f92992ee48dcf73af0686a726e7c6acf.html ← https://www.wsj.com/world/standoff-in-strait-has-wall-street-stephen-c...
2026-05-14 22:41:24,657 [INFO] [599/1171] Fetching article: https://news.laodong.vn/the-gioi/sieu-tau-cho-dau-am-tham-vuot-eo-bien...
2026-05-14 22:41:54,776 [WARNING] Failed (Attempt 1/3): Page.content: Unable to retrieve content because the page is navigating and changing the content.
2026-05-14 22:42:17,233 [WARNING] Failed (Attempt 2/3): Page.content: Unable to retrieve content because the page is navigating and changing the content.
2026-05-14 22:42:40,844 [WARNING] Failed (Attempt 3/3): Page.content: Unable to retrieve content because the page is navigating and changing the content.
2026-05-14 22:42:44,241 [INFO] [600/1171] Skip (exists): article_6a595bbc63897ae86a3b6c27e807e397.html ← https://www.nst.com.my/business/corporate/2026/05/1431741/elevated-tan...
2026-05-14 22:42:44,242 [INFO] [601/1171] Skip (exists): article_3946019bad2faa00234ceb3cccbe5877.html ← https://www.nst.com.my/business/economy/2026/05/1431738/malaysia-emerg...
2026-05-14 22:42:44,242 [INFO] [602/1171] Skip (exists): article_54d9e78276bf5b25cf5bfd37235fef22.html ← https://www.msn.com/en-in/news/insight/india-s-russian-oil-imports-dro...
2026-05-14 22:42:44,242 [INFO] [603/1171] Skip (exists): article_096c0441aafbd00f5eaa735d1d7ae38e.html ← https://oec.world/en/profile/bilateral-product/crude-petroleum/reporte...
2026-05-14 22:42:44,242 [INFO] [604/1171] Skip (exists): article_bb8cbecaad396e8d01540c13d045ef0e.html ← https://m.thewire.in/article/energy/april-crude-oil-imports-fall-to-4-...
2026-05-14 22:42:44,242 [INFO] [605/1171] Skip (exists): article_6be182d84e55ebc15b7cfc1b5acef44d.html ← https://oec.world/en/profile/bilateral-product/crude-petroleum/reporte...
2026-05-14 22:42:44,242 [INFO] [606/1171] Skip (exists): article_b0ede06125ed3f2aab2ddb463b07e270.html ← https://carboncopy.info/india-proposes-rules-to-allow-85-to-nearly-100...
2026-05-14 22:42:44,242 [INFO] [607/1171] Skip (exists): article_7f86fea76861d3657cc307f0dbd38eb6.html ← https://www.policycircle.org/opinion/lpg-crisis-2026-subsidies/...
2026-05-14 22:42:44,242 [INFO] [608/1171] Skip (exists): article_0439ef8f5a51762f11558b1972243884.html ← https://timesofindia.indiatimes.com/videos/news/pakistan-admits-fuel-v...
2026-05-14 22:42:44,242 [INFO] [609/1171] Skip (exists): article_e3a0b934176298f7edbc0a98ed6c18b8.html ← https://www.theweek.in/news/biz-tech/2026/05/02/guest-opinion-west-asi...
2026-05-14 22:42:44,242 [INFO] [610/1171] Skip (exists): article_c2e788be13da6d3b4862ebdac2c7684c.html ← https://armyrecognition.com/news/navy-news/2026/iran-seizes-chinese-ow...
2026-05-14 22:42:44,242 [INFO] [611/1171] Skip (exists): article_4c72724b6900b06523c1b605e56b8fe6.html ← https://www.msn.com/en-us/news/insight/iran-delays-truce-reply-as-gulf...
2026-05-14 22:42:44,242 [INFO] [612/1171] Skip (exists): article_5bed7fd1c84cf7db9aa68219bd9d2772.html ← https://www.marineinsight.com/watch-iranian-navy-seizes-oil-tanker-in-...
2026-05-14 22:42:44,242 [INFO] [613/1171] Skip (exists): article_2227cacfd0bd5e0bc418b301eaecce0f.html ← https://au.investing.com/news/company-news/damico-q1-2026-slides-profi...
2026-05-14 22:42:44,243 [INFO] [614/1171] Skip (exists): article_45b231e9c35b1441c2315db1912aa9a2.html ← https://discoveryalert.com.au/strait-hormuz-oil-blockade-100-crude-pri...
2026-05-14 22:42:44,243 [INFO] [615/1171] Skip (exists): article_56805601440a3230c0fcfd6ffe991d6c.html ← https://www.harianbasis.co/en/strategic-shipping-shifts-drive-tanker-m...
2026-05-14 22:42:44,243 [INFO] [616/1171] Skip (exists): article_7e97dcc5fa4a433d6a11034cb2491b58.html ← https://www.travelandtourworld.com/news/article/american-joins-delta-u...
2026-05-14 22:42:44,243 [INFO] [617/1171] Skip (exists): article_2130dfb73fe612b7226b0b5efcfc1b79.html ← https://www.msn.com/en-in/news/world/middle-east-crisis-asian-airlines...
2026-05-14 22:42:44,243 [INFO] [618/1171] Skip (exists): article_da0d2fea3712633ea256653a9235d722.html ← https://karlobag.eu/en/tourism-world/europe-fears-for-the-summer-touri...
2026-05-14 22:42:44,243 [INFO] [619/1171] Fetching article: https://asianews.network/airlines-cut-2mil-seats-as-jet-fuel-crisis-di...
2026-05-14 22:42:51,122 [WARNING] Failed (Attempt 1/3): Page.content: Unable to retrieve content because the page is navigating and changing the content.
2026-05-14 22:43:06,164 [WARNING] Failed (Attempt 2/3): Page.content: Unable to retrieve content because the page is navigating and changing the content.
2026-05-14 22:43:22,584 [WARNING] Failed (Attempt 3/3): Page.content: Unable to retrieve content because the page is navigating and changing the content.
2026-05-14 22:43:27,388 [INFO] [620/1171] Skip (exists): article_555c70a8abf4068d11c1a836e8fd1b7b.html ← https://www.nationthailand.com/business/economy/40065868...
2026-05-14 22:43:27,388 [INFO] [621/1171] Skip (exists): article_fc931bf87f18a1d81b8e6e0fa9eeefc8.html ← https://www.travelandtourworld.com/news/article/europe-travel-industry...
2026-05-14 22:43:27,388 [INFO] [622/1171] Skip (exists): article_0650798395cbbb79681baa9f6c90848d.html ← https://www.eia.gov/todayinenergy/detail.php?id=67604...
2026-05-14 22:43:27,388 [INFO] [623/1171] Skip (exists): article_7fa688fe9496b27b7364eea09eab96f3.html ← https://www.lngindustry.com/liquid-natural-gas/29042026/wood-mackenzie...
2026-05-14 22:43:27,388 [INFO] [624/1171] Skip (exists): article_596c82222518631af181b4ba12f26aab.html ← https://montelnews.com/podcasts/pluggedin/19096419/gas-storage-complac...
2026-05-14 22:43:27,388 [INFO] [625/1171] Skip (exists): article_aed7fa5b81d7940b15cddfc7f4da8fcd.html ← https://www.gasworld.com/story/totalenergies-q1-profit-buoyed-by-lng-p...
2026-05-14 22:43:27,388 [INFO] [626/1171] Skip (exists): article_94e99f60b5499d79c6008848eb2013e5.html ← https://www.spglobal.com/energy/en/news-research/latest-news/electric-...
2026-05-14 22:43:27,388 [INFO] [627/1171] Skip (exists): article_148f90b79519065a7ed4dc99800ca3d1.html ← https://financialpost.com/pmn/business-pmn/chinas-april-lng-imports-se...
2026-05-14 22:43:27,388 [INFO] [628/1171] Skip (exists): article_26ec25b3a5bfad1477c74ddb3ff97974.html ← https://www.msn.com/en-us/money/markets/natural-gas-follows-oil-prices...
2026-05-14 22:43:27,388 [INFO] [629/1171] Skip (exists): article_313418efbf6520659ef78c2033826a39.html ← https://www.compressortech2.com/news/totalenergies-sees-tighter-lng-ma...
2026-05-14 22:43:27,388 [INFO] [630/1171] Skip (exists): article_bc73a58db7361723caff885674dc125a.html ← https://www.wsj.com/finance/commodities-futures/oil-declines-amid-mild...
2026-05-14 22:43:27,388 [INFO] [631/1171] Skip (exists): article_6402214e7916ec30583fdf50f2748862.html ← https://www.nytimes.com/2026/05/06/business/oil-gas-price-iran.html...
2026-05-14 22:43:27,388 [INFO] [632/1171] Skip (exists): article_a5f22c0236b41f0dcef9e0f0671c9c88.html ← https://www.aljazeera.com/economy/2026/5/5/oil-prices-surge-as-violenc...
2026-05-14 22:43:27,388 [INFO] [633/1171] Skip (exists): article_999726c8205dd77a83227a0d4a50d53e.html ← https://www.cnn.com/2026/05/05/energy/oil-price-highest-in-2026-intl-h...
2026-05-14 22:43:27,388 [INFO] [634/1171] Skip (exists): article_196d35db23ea859fd922590e4d77c851.html ← https://oilprice.com/Latest-Energy-News/World-News/API-Confirms-Very-L...
2026-05-14 22:43:27,388 [INFO] [635/1171] Skip (exists): article_970e90935dd18516778016b2b2eaf421.html ← https://spectrumlocalnews.com/us/snplus/business/2026/05/05/wall-stree...
2026-05-14 22:43:27,388 [INFO] [636/1171] Skip (exists): article_ad938c36d3df1f44d41cd5dd6f7b59dd.html ← https://www.reuters.com/business/energy/us-crude-eases-1-traders-weigh...
2026-05-14 22:43:27,388 [INFO] [637/1171] Skip (exists): article_fcf0b6e49763e7f0b2f1cc559d50d017.html ← https://m.economictimes.com/news/international/us/why-are-oil-prices-d...
2026-05-14 22:43:27,388 [INFO] [638/1171] Skip (exists): article_20831c18f9394e330c11a885e5452ee8.html ← https://www.wral.com/news/ap/0da18-ai-boom-drives-a-rally-in-buying-of...
2026-05-14 22:43:27,388 [INFO] [639/1171] Fetching article: https://www.upstreamonline.com/production/why-us-shale-s-fracking-tech...
2026-05-14 22:43:38,247 [INFO] ✓ Saved HTML to article_75a58258948f54367882317f11527686.html
2026-05-14 22:43:42,461 [INFO] [640/1171] Fetching article: https://www.worldoil.com/news/2026/5/5/ses-to-connect-seven-petrobras-...
2026-05-14 22:43:58,267 [INFO] ✓ Saved HTML to article_e46cfee7859c5d6b49bef36c680d1724.html
2026-05-14 22:44:03,979 [INFO] [641/1171] Fetching article: https://inspenet.com/en/news/petrobras-shell-and-totalenergies-formali...
2026-05-14 22:44:13,989 [INFO] ✓ Saved HTML to article_6d2c7aa8007d4ea51f48335dd4b671d2.html
2026-05-14 22:44:19,191 [INFO] [642/1171] Fetching article: https://www.oilandgasmiddleeast.com/news/ses-petrobras-satellite-deal...
2026-05-14 22:44:26,878 [INFO] ✓ Saved HTML to article_b0a0d78b267dcfa3da6a0852754a24c0.html
2026-05-14 22:44:33,861 [INFO] [643/1171] Fetching article: https://amp.dw.com/en/somali-piracy-global-shippings-next-crisis-unfol...
2026-05-14 22:44:39,832 [INFO] ✓ Saved HTML to article_22f1e3b526116b5d0f828b57075545bb.html
2026-05-14 22:44:47,418 [INFO] [644/1171] Fetching article: https://africacenter.org/daily-media-review/africa-media-review-for-ma...
2026-05-14 22:44:58,406 [INFO] ✓ Saved HTML to article_00e06f9ce41c18c59cfc5fbafd611317.html
2026-05-14 22:45:04,127 [INFO] [645/1171] Fetching article: https://www.aol.com/entertainment/iran-plotting-seize-another-18-13550...
2026-05-14 22:45:12,202 [INFO] ✓ Saved HTML to article_b40bafa839c9f6ebec6131547a32155a.html
2026-05-14 22:45:19,871 [INFO] [646/1171] Fetching article: https://www.asiae.co.kr/en/article/2026051109393866573...
2026-05-14 22:45:35,601 [INFO] ✓ Saved HTML to article_6402a7b32645105a4275d2af6dc7564d.html
2026-05-14 22:45:42,780 [INFO] [647/1171] Fetching article: https://capitalethiopia.com/2026/05/10/chokepoint-warfare-and-limping-...
2026-05-14 22:45:53,090 [INFO] ✓ Saved HTML to article_096f55f5644ca1f94e596d98c6cc5ef6.html
2026-05-14 22:45:57,270 [INFO] [648/1171] Fetching article: https://www.bignewsnetwork.com/news/279043940/the-domino-effect-how-ir...
2026-05-14 22:46:11,235 [INFO] ✓ Saved HTML to article_021ee16eb23710df7d2d1d81fbda7b13.html
2026-05-14 22:46:14,738 [INFO] [649/1171] Skip (exists): article_d210281178582bfc2240f655fc330d10.html ← https://www.nytimes.com/article/iran-war-trump-us-oil-hormuz-key-dates...
2026-05-14 22:46:14,738 [INFO] [650/1171] Skip (exists): article_853c65c9478a792dec5ab0fc4c4c06e6.html ← https://www.bloomberg.com/news/articles/2026-05-01/strait-of-hormuz-wh...
2026-05-14 22:46:14,738 [INFO] [651/1171] Skip (exists): article_25735925921f078fcf8b9613fc22320a.html ← https://www.aol.com/articles/hamas-reasserts-control-gaza-iran-2200391...
2026-05-14 22:46:14,738 [INFO] [652/1171] Skip (exists): article_4355f1a404025d29b712cbbff1d47c5c.html ← https://www.aljazeera.com/video/newsfeed/2026/5/2/syria-becomes-altern...
2026-05-14 22:46:14,738 [INFO] [653/1171] Skip (exists): article_433b36e223ceb822732846899553dfc9.html ← https://allisraelnews.com/blog/the-ongoing-blockade-of-iran-time-is-ti...
2026-05-14 22:46:14,739 [INFO] [654/1171] Skip (exists): article_fc1167b62ba3b4c20b10bb3b6376f023.html ← https://www.yahoo.com/news/articles/pointless-war-iran-hawks-finally-1...
2026-05-14 22:46:14,739 [INFO] [655/1171] Skip (exists): article_591c517fcb9ee08cfc5a0da88a172c66.html ← https://www.reuters.com/world/asia-pacific/uae-says-iran-cannot-be-tru...
2026-05-14 22:46:14,739 [INFO] [656/1171] Skip (exists): article_9c5602b94491aeedb0f36300f92ad692.html ← https://www.abs-cbn.com/news/world/2026/5/3/senior-iranian-officer-say...
2026-05-14 22:46:14,739 [INFO] [657/1171] Skip (exists): article_78307ec949a258dd293b129a3c35a636.html ← https://www.aljazeera.com/video/newsfeed/2026/5/2/trump-says-us-forces...
2026-05-14 22:46:14,739 [INFO] [658/1171] Skip (exists): article_f5f5f87e47fe82f4071a36e420508154.html ← https://www.nytimes.com/2026/05/01/world/middleeast/israel-emirates-ir...
2026-05-14 22:46:14,739 [INFO] [659/1171] Skip (exists): article_8cd92239988f7a5d8e22eeb8926b3b53.html ← https://astanatimes.com/2025/11/kazakhstan-pushes-for-energy-transitio...
2026-05-14 22:46:14,739 [INFO] [660/1171] Skip (exists): article_ea9947c2c8a342bb0016f16a3816016e.html ← https://m.thewire.in/article/energy/us-israel-war-on-iran-clean-energy...
2026-05-14 22:46:14,739 [INFO] [661/1171] Skip (exists): article_5bb366c922522332f4daac726cd6dc9f.html ← https://www.afr.com/street-talk/kkr-swoops-in-to-bolster-hmc-capital-s...
2026-05-14 22:46:14,739 [INFO] [662/1171] Skip (exists): article_d487c9f5d263363129710e2640857ddd.html ← https://www.qcintel.com/article/total-us-rig-count-jumps-amid-gains-in...
2026-05-14 22:46:14,739 [INFO] [663/1171] Skip (exists): article_81ad75965d1f9c775432c9e2864643ce.html ← https://www.britannica.com/science/petroleum/World-distribution-of-oil...
2026-05-14 22:46:14,739 [INFO] [664/1171] Skip (exists): article_5407f227e00267be6a43047809adc0a0.html ← https://247wallst.com/investing/2026/05/01/the-uaes-opec-exit-changes-...
2026-05-14 22:46:14,739 [INFO] [665/1171] Skip (exists): article_021e96808f8e0ac9ce0cfca5061e0bf9.html ← https://www.britannica.com/science/shale-gas...
2026-05-14 22:46:14,740 [INFO] [666/1171] Skip (exists): article_d94f368644f5d9066ce919aae0d6b187.html ← https://www.upstreamonline.com/finance/exxonmobil-profits-fall-as-deri...
2026-05-14 22:46:14,740 [INFO] [667/1171] Skip (exists): article_d4a4ba2ac72874122def2503cb11831c.html ← https://www.ad-hoc-news.de/boerse/news/ueberblick/permianville-royalty...
2026-05-14 22:46:14,740 [INFO] [668/1171] Fetching article: https://www.newser.com/aticles-market/Halliburton-Company-HAL-Divergin...
2026-05-14 22:46:24,019 [INFO] ✓ Saved HTML to article_7d6ff50dfaeff5de4e5f0133831653b8.html
2026-05-14 22:46:28,075 [INFO] [669/1171] Fetching article: https://www.newser.com/expert-time/Halliburton-Company-HAL-Diverging-A...
2026-05-14 22:46:34,718 [INFO] ✓ Saved HTML to article_848b2e09f278de459750c563cf20abeb.html
2026-05-14 22:46:41,136 [INFO] [670/1171] Fetching article: https://www.cnn.com/2026/05/12/china/china-oil-refineries-iran-xi-trum...
2026-05-14 22:46:48,704 [INFO] ✓ Saved HTML to article_b9120bbecace34acd718f4e29e1de171.html
2026-05-14 22:46:53,604 [INFO] [671/1171] Fetching article: https://energynewsbeat.co/downstream/chinas-teapot-refiners-slash-outp...
2026-05-14 22:47:08,309 [INFO] ✓ Saved HTML to article_95f2785222779f0240aef029c3f2220c.html
2026-05-14 22:47:14,911 [INFO] [672/1171] Fetching article: https://www.nytimes.com/live/2026/05/05/world/iran-war-trump-hormuz...
2026-05-14 22:47:21,680 [INFO] ✓ Saved HTML to article_e6857c6d9373776533142ea7e75c7e27.html
2026-05-14 22:47:24,856 [INFO] [673/1171] Fetching article: https://www.timesofisrael.com/draft-un-resolution-threatens-sanctions-...
2026-05-14 22:47:37,926 [INFO] ✓ Saved HTML to article_17b0e7f04b076b8cfb71a94ace534e41.html
2026-05-14 22:47:41,353 [INFO] [674/1171] Skip (exists): article_208381f5c9db12d32799ade55a9d4e54.html ← https://www.globalbankingandfinance.com/prospect-prolonged-iran-war-di...
2026-05-14 22:47:41,353 [INFO] [675/1171] Skip (exists): article_2227c7c4a323f56bd04e80e75bdb0d20.html ← https://www.travelandtourworld.com/news/article/germany-joins-uk-us-br...
2026-05-14 22:47:41,353 [INFO] [676/1171] Skip (exists): article_510a5a18bfc8a4ac51840c21faae3c5d.html ← https://cleantechnica.com/2026/04/29/the-petroleum-system-is-entering-...
2026-05-14 22:47:41,353 [INFO] [677/1171] Skip (exists): article_d18cbee2273b418467cd6cbcd6ec0d4b.html ← https://mexicobusiness.news/aerospace/news/iran-conflict-drives-jet-fu...
2026-05-14 22:47:41,353 [INFO] [678/1171] Skip (exists): article_aea5c7cacc16e748d349dc74c412c89b.html ← https://oilprice.com/Energy/Energy-General/UK-Airlines-Race-to-Secure-...
2026-05-14 22:47:41,354 [INFO] [679/1171] Skip (exists): article_5b5d47d686eef497c0deecac758d777c.html ← https://www.cnbc.com/2026/04/29/flight-cancellations-ryanair-easyjet-b...
2026-05-14 22:47:41,354 [INFO] [680/1171] Skip (exists): article_5fe94556c1e3646fe9f22f51d8c58021.html ← https://www.dailysabah.com/business/economy/airlines-summer-holiday-pl...
2026-05-14 22:47:41,354 [INFO] [681/1171] Skip (exists): article_2ca8ed9a85b269a1afa0f085df41c330.html ← https://www.france24.com/en/live-news/20260429-ticket-price-hikes-not-...
2026-05-14 22:47:41,354 [INFO] [682/1171] Skip (exists): article_6739329871f3f7dad596b703acc609d1.html ← https://auto.economictimes.indiatimes.com/amp/news/oil-and-lubes/oil-s...
2026-05-14 22:47:41,354 [INFO] [683/1171] Fetching article: https://www.doctorswithoutborders.org/latest/msf-response-escalating-c...
2026-05-14 22:47:54,724 [INFO] ✓ Saved HTML to article_6e29372c500850051aa1a69023c38964.html
2026-05-14 22:48:01,094 [INFO] [684/1171] Skip (exists): article_97bd2017caeab36653a36f9e8ddb9c1b.html ← https://goldinvest.de/en/video/oregen-energy-increases-the-potential-f...
2026-05-14 22:48:01,094 [INFO] [685/1171] Skip (exists): article_4d26763455042cad0e0cb3ef6b5eac41.html ← https://www.upstreamonline.com/finance/tullow-completes-refinance-deal...
2026-05-14 22:48:01,094 [INFO] [686/1171] Skip (exists): article_b2b69eb8d676a9361965e39a644dd951.html ← https://finance-commerce.com/2026/04/trump-chevron-meeting-oil-prices-...
2026-05-14 22:48:01,095 [INFO] [687/1171] Skip (exists): article_3f0cb7999e367af20d616e81d11a5bac.html ← https://www.wsj.com/business/energy-oil/u-s-crude-oil-stockpiles-fall-...
2026-05-14 22:48:01,095 [INFO] [688/1171] Skip (exists): article_512a972f71f24372edf03484cc3304d9.html ← https://www.mcsweeneys.net/articles/oil-prices-are-sky-high-but-at-lea...
2026-05-14 22:48:01,095 [INFO] [689/1171] Skip (exists): article_f894872b6dca8a4d641196b89b4dbb0b.html ← https://energynow.com/2026/03/oil-on-track-for-weekly-gains-despite-us...
2026-05-14 22:48:01,095 [INFO] [690/1171] Skip (exists): article_4df12890be696a5219d2d2172aef9b71.html ← https://energynow.com/2026/03/how-have-us-presidents-tapped-strategic-...
2026-05-14 22:48:01,095 [INFO] [691/1171] Skip (exists): article_911c125a65e3eeba1793f5682d05b0cf.html ← https://hayspost.com/posts/505ea7d6-f36e-4633-8ca8-f6fab12a92c9...
2026-05-14 22:48:01,095 [INFO] [692/1171] Skip (exists): article_7210a375430ca8867b6be870e49fc0ac.html ← https://energynow.ca/2026/03/canadas-oil-vulnerability-exposed-no-spr-...
2026-05-14 22:48:01,095 [INFO] [693/1171] Skip (exists): article_ab97452f939e4186fcae13f13e08a534.html ← https://www.aol.com/news/bessent-says-u-mulling-options-205900097.html...
2026-05-14 22:48:01,095 [INFO] [694/1171] Skip (exists): article_4f57453247b34ee03af18ef0f524f868.html ← https://www.qcintel.com/article/enterprise-terminals-benefitting-from-...
2026-05-14 22:48:01,095 [INFO] [695/1171] Fetching article: https://astanatimes.com/2026/05/uae-exit-puts-opec-and-kazakhstans-oil...
2026-05-14 22:48:14,333 [INFO] ✓ Saved HTML to article_5f78a52724c9e2a5e1fad1fca27621f0.html
2026-05-14 22:48:17,353 [INFO] [696/1171] Skip (exists): article_05e176fef71fe15804e071328863e593.html ← https://www.proactiveinvestors.co.uk/companies/news/1091530/sintana-en...
2026-05-14 22:48:17,354 [INFO] [697/1171] Skip (exists): article_ef68d46b5ac7f80e43694dc9efec7642.html ← https://www.marketscreener.com/news/oregen-energy-announces-commenceme...
2026-05-14 22:48:17,354 [INFO] [698/1171] Skip (exists): article_17d6a1e3e1e234941b1aec15ec733bdb.html ← https://www.upstreamonline.com/exploration/us-seismic-player-wants-e-p...
2026-05-14 22:48:17,354 [INFO] [699/1171] Skip (exists): article_b1905bfcbd521f260d3a4166270fcb7e.html ← https://www.ajot.com/news/doe-has-released-17.5-million-barrels-from-t...
2026-05-14 22:48:17,354 [INFO] [700/1171] Skip (exists): article_66ebb09b5e1b4ec18683fe6a6d77ba39.html ← https://www.rigzone.com/news/doe_continues_swift_execution_of_172mm_ba...
2026-05-14 22:48:17,355 [INFO] [701/1171] Skip (exists): article_2a5ed212c9a9b38c085c02f7525add9f.html ← https://www.jordannews.jo/Section-112/Economy/U-S-to-Loan-92-5-Million...
2026-05-14 22:48:17,355 [INFO] [702/1171] Skip (exists): article_8162bbb51fb7052802ef5be219fc8dab.html ← https://cobbcountycourier.com/2026/05/gasoline-prices-spike-33-cents-n...
2026-05-14 22:48:17,355 [INFO] [703/1171] Skip (exists): article_7c515424d4ecc01a72cf9bb6acc32cb8.html ← https://oilprice.com/Energy/Crude-Oil/Inside-BPs-Dramatic-Pivot-Back-t...
2026-05-14 22:48:17,355 [INFO] [704/1171] Skip (exists): article_c47f090ac86d6ad734a5e6a5229cc76c.html ← https://www.aol.com/articles/trump-signals-tap-strategic-petroleum-205...
2026-05-14 22:48:17,355 [INFO] [705/1171] Skip (exists): article_9bc3b84c87ada3448ea532709147de7c.html ← https://www.ft.com/content/2a028e5e-1108-42b0-9733-43a8523d3226?syn-25...
2026-05-14 22:48:17,355 [INFO] [706/1171] Skip (exists): article_0d38cae3467b29da615b345cd365ea15.html ← https://rbnenergy.com/daily-posts/blog/how-prolonged-conflict-iran-cou...
2026-05-14 22:48:17,355 [INFO] [707/1171] Skip (exists): article_50ce4635713e21a0684efceed805a48a.html ← https://www.trend.az/casia/kazakhstan/4182080.html...
2026-05-14 22:48:17,355 [INFO] [708/1171] Skip (exists): article_ea1b081932b5c9612829f5e45c278f17.html ← https://www.msn.com/en-xl/news/other/jet-fuel-dangote-pushes-direct-su...
2026-05-14 22:48:17,355 [INFO] [709/1171] Skip (exists): article_0f1dd4ce34c10ec92be15b3ee1303e77.html ← https://www.qatar-tribune.com/article/227218/business/europe-drivers-c...
2026-05-14 22:48:17,355 [INFO] [710/1171] Skip (exists): article_24b4cef621930a56ece2ccda9bba021d.html ← https://www.newser.com/aticles-market/Valero-Energy-VLO-Posts-Blowout-...
2026-05-14 22:48:17,355 [INFO] [711/1171] Skip (exists): article_8b496eb33db142b318dcc5710b5f4b65.html ← https://www.newser.com/first-dry/Marathon-Petroleum-Corporation-MPC-Q1...
2026-05-14 22:48:17,356 [INFO] [712/1171] Skip (exists): article_02fea4d3f5f2ee2b3060239e49b9df61.html ← https://www.newser.com/expert-time/Marathon-Petroleum-Corporation-MPC-...
2026-05-14 22:48:17,356 [INFO] [713/1171] Skip (exists): article_b0baf907470238095a647d0f6ad4321b.html ← http://www.newser.com/first-dry/Valero-Energy-VLO-Posts-Blowout-Q1-202...
2026-05-14 22:48:17,356 [INFO] [714/1171] Skip (exists): article_5b85d4a7310c4b687dbe1eb18a503889.html ← https://www.france24.com/en/middle-east/20260503-opec-increases-produc...
2026-05-14 22:48:17,356 [INFO] [715/1171] Skip (exists): article_b152a282591cd83aee480e03952bd437.html ← https://www.caledonianrecord.com/news/national/opec-to-make-first-post...
2026-05-14 22:48:17,356 [INFO] [716/1171] Skip (exists): article_9ed40895f3176fd1dc5230123d7d4b65.html ← https://www.dailysabah.com/business/energy/opec-hikes-oil-output-quota...
2026-05-14 22:48:17,356 [INFO] [717/1171] Skip (exists): article_54d714d17954c663a581e4f142399794.html ← https://unn.ua/en/news/opec-agreed-on-the-third-increase-in-oil-produc...
2026-05-14 22:48:17,356 [INFO] [718/1171] Skip (exists): article_440d092fe94bbad686e0e47d43390647.html ← https://www.bostonglobe.com/2026/05/03/business/opec-meeting-chance-to...
2026-05-14 22:48:17,356 [INFO] [719/1171] Skip (exists): article_9e32309f92ce111b29aafe6ed8f3aa82.html ← https://petroleumaustralia.com.au/news_article/opec-adjusts-oil-produc...
2026-05-14 22:48:17,356 [INFO] [720/1171] Skip (exists): article_e94081f45d452301d04f77eb1fb23bbc.html ← https://www.sudanindependent.com/english/news/economics/2026/05/03/OPE...
2026-05-14 22:48:17,356 [INFO] [721/1171] Skip (exists): article_2d9ab6f106925b0d7badaca71e2c3901.html ← https://www.tribuneindia.com/news/comment/india-must-look-beyond-uaes-...
2026-05-14 22:48:17,356 [INFO] [722/1171] Skip (exists): article_a4584c40a4968aa5d4af49e9805c0384.html ← https://www.whalesbook.com/news/English/energy/OPEC-Meets-as-UAE-Exit-...
2026-05-14 22:48:17,356 [INFO] [723/1171] Skip (exists): article_56f6a1d71cb2c79fc1254dab88a22532.html ← https://www.financialexpress.com/world-news/uaes-adnoc-pledges-55-bill...
2026-05-14 22:48:17,356 [INFO] [724/1171] Skip (exists): article_007ce21eca4fec33bee09037881fb498.html ← https://fortune.com/2026/05/10/aramco-earnings-q1-oil-exports-saudi-ar...
2026-05-14 22:48:17,356 [INFO] [725/1171] Skip (exists): article_8d554bd23f476c771b236b4d406d2485.html ← https://www.washingtonpost.com/business/2026/05/10/aramco-saudi-arabia...
2026-05-14 22:48:17,356 [INFO] [726/1171] Skip (exists): article_edede1aa231ba23c66ea27794b69d1ea.html ← https://www.timeswv.com/news/business/saudi-oil-giant-aramco-sees-25-j...
2026-05-14 22:48:17,357 [INFO] [727/1171] Skip (exists): article_657b6928cc78e6c617b36f61f25ce8f5.html ← https://www.kurdistan24.net/en/story/913127/aramco-quarterly-profit-su...
2026-05-14 22:48:17,357 [INFO] [728/1171] Skip (exists): article_8b74bd52f07a505780888a531113f427.html ← https://worldoil.com/news/2026/5/9/aramco-profit-jumps-26-y-o-y-as-pip...
2026-05-14 22:48:17,357 [INFO] [729/1171] Skip (exists): article_6e31348179f1d560a9401bd4b0f181d0.html ← https://www.times-news.com/news/saudi-oil-giant-aramco-sees-25-jump-in...
2026-05-14 22:48:17,357 [INFO] [730/1171] Skip (exists): article_daeb2f247b3868a73cbaaa3a46ea50d9.html ← https://energy.economictimes.indiatimes.com/news/oil-and-gas/saudi-ara...
2026-05-14 22:48:17,358 [INFO] [731/1171] Skip (exists): article_34fd4792882846c11f6dfe67fadc4749.html ← https://www.arabnews.com/node/2643113/amp...
2026-05-14 22:48:17,358 [INFO] [732/1171] Skip (exists): article_8144ac16b1ee60651e4f8bd5a6ff733d.html ← https://www.bitget.com/news/detail/12560605406715...
2026-05-14 22:48:17,358 [INFO] [733/1171] Skip (exists): article_f5b1e3a50d49f8b81a7b92c6f92cf5ea.html ← https://www.agbi.com/oil-and-gas/2026/05/aramco-profits-hit-three-year...
2026-05-14 22:48:17,358 [INFO] [734/1171] Skip (exists): article_a74c95a328c2d27113fbda76b1a5cf91.html ← https://www.business-standard.com/amp/markets/commodities/iran-war-imp...
2026-05-14 22:48:17,358 [INFO] [735/1171] Skip (exists): article_309b00591ec97c2c176a580b5d6515b4.html ← https://www.cnbc.com/2026/05/05/shares-slide-oil-prices-elevated-as-us...
2026-05-14 22:48:17,358 [INFO] [736/1171] Skip (exists): article_f986cb0d296f440d04595f30c0bf8228.html ← https://www.moomoo.com/news/post/69365053/gold-trading-alert-renewed-c...
2026-05-14 22:48:17,358 [INFO] [737/1171] Skip (exists): article_b95b7463fdc118a4bce2f370b567950d.html ← https://cryptorank.io/news/feed/65097-ubs-raises-usd-jpy-forecast-2...
2026-05-14 22:48:17,358 [INFO] [738/1171] Skip (exists): article_2888319b8c3b11f7d7fc5368956a46f9.html ← https://smartasset.com/retirement/inflation-under-trump-vs-biden...
2026-05-14 22:48:17,358 [INFO] [739/1171] Skip (exists): article_1d0de97fd0e4de9c19c0a243397d3194.html ← https://timesofindia.indiatimes.com/business/india-business/gold-price...
2026-05-14 22:48:17,358 [INFO] [740/1171] Skip (exists): article_dc505faaf221929dd799e89e63ad5aad.html ← https://www.bitget.com/asia/news/detail/12560605398159...
2026-05-14 22:48:17,358 [INFO] [741/1171] Skip (exists): article_c216f8a25ef36de40beb978d9468a844.html ← https://www.tmgm.com/en/analysis/market-news/article/canadian-dollar-s...
2026-05-14 22:48:17,358 [INFO] [742/1171] Skip (exists): article_7d621bed6987a48f0a69ef413d47e06c.html ← https://www.mexc.com/news/1069991...
2026-05-14 22:48:17,358 [INFO] [743/1171] Skip (exists): article_43e3720c9df13cc84f7d6ad398802cb2.html ← https://upstox.com/learning-center/share-market/why-indian-rupee-is-fa...
2026-05-14 22:48:17,358 [INFO] [744/1171] Skip (exists): article_e1a726b0eb87aab0700423b7c92a7cc9.html ← https://www.livemint.com/market/commodities/gold-rate-today-under-pres...
2026-05-14 22:48:17,358 [INFO] [745/1171] Skip (exists): article_37710cac2e38f0e3d8f08672df6fedcf.html ← https://energynow.com/2026/04/opec-likely-to-weigh-further-oil-output-...
2026-05-14 22:48:17,358 [INFO] [746/1171] Skip (exists): article_1a66508cbc2c3640b42be2a97d55a3f7.html ← https://www.scmp.com/opinion/world-opinion/article/3352666/why-uaes-op...
2026-05-14 22:48:17,358 [INFO] [747/1171] Skip (exists): article_e7aa8e939e317788e3a744e8d6e13140.html ← https://timesca.com/kazakhstan-sees-no-major-risks-from-uae-exit-from-...
2026-05-14 22:48:17,358 [INFO] [748/1171] Skip (exists): article_11ac01335ead8033350af85ebef7f806.html ← https://businessday.ng/opinion/article/nigeria-time-to-bridge-the-gap-...
2026-05-14 22:48:17,358 [INFO] [749/1171] Skip (exists): article_271a94540400f8dc146baeded33d43c7.html ← https://www.msn.com/en-in/money/topstories/opec-faces-first-production...
2026-05-14 22:48:17,359 [INFO] [750/1171] Skip (exists): article_94b9fe77c088ff9b1f12258e53fd4cc2.html ← https://bimcmedia.com/united-arab-emirates-exits-opec-shaking-up-the-g...
2026-05-14 22:48:17,359 [INFO] [751/1171] Skip (exists): article_051cb9806b0bf7b3408441f02291fe4b.html ← https://www.khaleejtimes.com/world/asia/commentary-will-other-members-...
2026-05-14 22:48:17,359 [INFO] [752/1171] Skip (exists): article_39392edcc3604452a3d7e35534d0bbaa.html ← https://www.msn.com/en-in/money/topstories/uae-oil-giant-adnoc-pledges...
2026-05-14 22:48:17,359 [INFO] [753/1171] Skip (exists): article_e5b140bc038dc846d7ef6eb7d167f5e4.html ← https://leadership.ng/opec-considers-output-hike-in-june-despite-hormu...
2026-05-14 22:48:17,359 [INFO] [754/1171] Skip (exists): article_f6b3610e4b04f8cc7fb685cbc310b1c1.html ← https://www.msn.com/en-my/news/other/uae-s-oil-giant-adnoc-pledges-us-...
2026-05-14 22:48:17,359 [INFO] [755/1171] Skip (exists): article_77eb02e58700f211f45ade07f4022f97.html ← https://www.namibian.com.na/how-namibia-can-leapfrog-africas-industria...
2026-05-14 22:48:17,359 [INFO] [756/1171] Skip (exists): article_f6ec06408bb3b8b000393ed15876e1bc.html ← https://aecweek.com/news/totalenergies-strengthens-african-commitment-...
2026-05-14 22:48:17,359 [INFO] [757/1171] Skip (exists): article_bfc4f923eecb821024ab6bcf668adb39.html ← https://seekingalpha.com/article/4901827-markets-weekly-outlook-is-ris...
2026-05-14 22:48:17,359 [INFO] [758/1171] Skip (exists): article_946e643e6ca1ff16eb31beafb9cbfcdf.html ← https://www.stl.news/u-s-dollar-index-surges-shifts-amid-iran-conflict...
2026-05-14 22:48:17,359 [INFO] [759/1171] Skip (exists): article_257a18f499437a14b5638e8b6a79f37e.html ← https://news.az/news/how-are-renewed-us-iran-hostilities-affecting-glo...
2026-05-14 22:48:17,359 [INFO] [760/1171] Skip (exists): article_13e664e13dafb016e3a1e12e8be99eba.html ← https://cryptorank.io/news/feed/8d57e-2260397...
2026-05-14 22:48:17,359 [INFO] [761/1171] Skip (exists): article_05cd42ab1b565a614cd3f5f60a022a10.html ← https://www.mexc.com/news/1079441...
2026-05-14 22:48:17,359 [INFO] [762/1171] Skip (exists): article_93c1dd6fbee4992dbcc558cffb1a79c5.html ← https://www.tmgm.com/en/analysis/market-news/article/usd-chf-slides-to...
2026-05-14 22:48:17,359 [INFO] [763/1171] Skip (exists): article_76fe4ed2eb6cc66fc3d3e53be5374722.html ← https://www.tradingview.com/news/invezz:dcb86f4c9094b:0-usd-jpy-holds-...
2026-05-14 22:48:17,359 [INFO] [764/1171] Skip (exists): article_ba968d6367658efc02891b014c3993f2.html ← https://www.whalesbook.com/news/Hinglish/economy/India-Stocks-Face-Vol...
2026-05-14 22:48:17,359 [INFO] [765/1171] Skip (exists): article_06056ec7ac88766723f1c93174c4c173.html ← https://invezz.com/nz/news/2026/05/08/gold-holds-near-two-week-high-ca...
2026-05-14 22:48:17,359 [INFO] [766/1171] Skip (exists): article_7f99721d0d4a8d5687830ded16a43c03.html ← https://www.inkl.com/news/rbi-likely-to-hold-rates-in-june-hsbc...
2026-05-14 22:48:17,359 [INFO] [767/1171] Skip (exists): article_e372fe1359de25df039582c10d543a8b.html ← https://seekingalpha.com/article/4898572-pain-at-the-pump-top-energy-s...
2026-05-14 22:48:17,359 [INFO] [768/1171] Skip (exists): article_b742c631bcf4d956e8625f763d396e76.html ← https://energynewsbeat.co/uncategorized/goldman-says-global-oil-stocks...
2026-05-14 22:48:17,360 [INFO] [769/1171] Skip (exists): article_7bc87975c43d0ff52542485f07b2e280.html ← https://www.yahoo.com/news/articles/kazakhstan-reroute-oil-bound-germa...
2026-05-14 22:48:17,360 [INFO] [770/1171] Skip (exists): article_942ab98bfaea39aa28e5911184293c9e.html ← https://www.spglobal.com/energy/en/news-research/latest-news/crude-oil...
2026-05-14 22:48:17,360 [INFO] [771/1171] Skip (exists): article_63b8625977e990363116e3e0187dddaf.html ← https://financialpost.com/pmn/business-pmn/russia-boosts-oil-exports-a...
2026-05-14 22:48:17,360 [INFO] [772/1171] Skip (exists): article_9c041d16acadbef91b661bbc59758d87.html ← https://united24media.com/world/oil-prices-plunge-11-as-trump-pauses-n...
2026-05-14 22:48:17,360 [INFO] [773/1171] Skip (exists): article_d1134394c160ad594338c0bc03f3e287.html ← https://www.barchart.com/story/news/1745417/crude-oil-prices-plummet-o...
2026-05-14 22:48:17,360 [INFO] [774/1171] Skip (exists): article_936f05f75847038a6077bb3fa4af47d9.html ← https://www.yahoo.com/news/articles/senate-democrats-demand-reinstatem...
2026-05-14 22:48:17,360 [INFO] [775/1171] Skip (exists): article_6e89f2a79eb76cb49b56a3efd705ccf7.html ← https://oilprice.com/Latest-Energy-News/World-News/Saudi-Arabia-Cuts-J...
2026-05-14 22:48:17,360 [INFO] [776/1171] Skip (exists): article_01663173c40c90694c88e88060832867.html ← https://www.tipranks.com/news/commodities/u-s-senators-urge-reinstatem...
2026-05-14 22:48:17,360 [INFO] [777/1171] Skip (exists): article_312903633bdd4309124ee9bd003b3c64.html ← https://www.intellinews.com/japan-quietly-resumes-russian-oil-imports-...
2026-05-14 22:48:17,360 [INFO] [778/1171] Skip (exists): article_d6e51a7eab1e28536cf144d8c3e04d35.html ← https://www.ebc.com/forex/Iran-s-oil-the-world-s-fourth-largest-reserv...
2026-05-14 22:48:17,360 [INFO] [779/1171] Skip (exists): article_735fb0227b1f2cf85838901d4360c57b.html ← https://www.reuters.com/business/energy/adnoc-set-push-shale-style-oil...
2026-05-14 22:48:17,360 [INFO] [780/1171] Skip (exists): article_20c457861ecfd52ce0f7d860b2ddb21a.html ← https://www.caledonianrecord.com/news/national/opec-hikes-oil-producti...
2026-05-14 22:48:17,360 [INFO] [781/1171] Skip (exists): article_2dde03f6446dd5091598c7607a30f520.html ← https://caspiannews.com/news-detail/moscow-and-astana-back-gradual-oil...
2026-05-14 22:48:17,360 [INFO] [782/1171] Skip (exists): article_a9b41a4d3102de3497e9e19385287af4.html ← https://www.nytimes.com/2026/05/05/world/middleeast/uae-saudi-arabia-o...
2026-05-14 22:48:17,360 [INFO] [783/1171] Skip (exists): article_437595cdbd1632e774c1cb38e57f71f1.html ← https://www.euractiv.com/news/opec-to-make-first-post-uae-production-d...
2026-05-14 22:48:17,360 [INFO] [784/1171] Skip (exists): article_acb3d227d9b4126a63e213e76131dfcd.html ← https://www.jpost.com/middle-east/article-894853...
2026-05-14 22:48:17,360 [INFO] [785/1171] Skip (exists): article_9d3493e1f3555adfcdea6c645f3556fa.html ← https://www.smh.com.au/world/middle-east/trump-is-trying-to-break-the-...
2026-05-14 22:48:17,360 [INFO] [786/1171] Skip (exists): article_77a33b61d9a5e56b972feb9a64240733.html ← https://www.idnfinancials.com/news/63456/energy-crisis-persists-as-ope...
2026-05-14 22:48:17,361 [INFO] [787/1171] Skip (exists): article_eb9db21d4722bda9cf4fba31e596d653.html ← https://www.channelstv.com/2026/05/04/opec-exit-not-directed-against-a...
2026-05-14 22:48:17,361 [INFO] [788/1171] Skip (exists): article_439d4e7ba5fb79ab3c5e2317e15c4871.html ← https://oilprice.com/Energy/Crude-Oil/How-Brazil-Became-Asias-Emergenc...
2026-05-14 22:48:17,361 [INFO] [789/1171] Skip (exists): article_7bb29ce80fba183dcdf29390a19d0d7a.html ← https://www.barchart.com/story/news/1782631/crude-oil-recovers-as-us-m...
2026-05-14 22:48:17,361 [INFO] [790/1171] Skip (exists): article_3b76b40cf0bbe804254b5be05687f171.html ← https://gulfnews.com/business/energy/oil-slides-2-as-traders-price-in-...
2026-05-14 22:48:17,361 [INFO] [791/1171] Skip (exists): article_a93a050c88d0b6f07409df3c6df1f37c.html ← https://mezha.net/eng/bukvy/c09ad25f_us_lawmakers_push/...
2026-05-14 22:48:17,361 [INFO] [792/1171] Skip (exists): article_604a9bb5320f4dda7fdd19f18c8fa985.html ← https://www.msn.com/en-au/news/insight/ukrainian-strikes-inflict-7b-bl...
2026-05-14 22:48:17,361 [INFO] [793/1171] Skip (exists): article_025fb44daa838fae4e26a2364069309e.html ← https://www.ft.com/content/19c03559-1ed6-49bd-b2c1-98961d768f83...
2026-05-14 22:48:17,361 [INFO] [794/1171] Skip (exists): article_892c7207a4418e41e4422c499948fe74.html ← https://english.kyodonews.net/articles/-/75636...
2026-05-14 22:48:17,361 [INFO] [795/1171] Skip (exists): article_a00032ef251b00648a575f311561291d.html ← https://www.businesstimes.com.sg/companies-markets/energy-commodities/...
2026-05-14 22:48:17,361 [INFO] [796/1171] Skip (exists): article_9280af1fe02946ae25a26bc885de3337.html ← https://www.britannica.com/place/Neom...
2026-05-14 22:48:17,361 [INFO] [797/1171] Skip (exists): article_ee9110450831e7ed31c3bf054ff4f495.html ← https://news.az/news/aramco-and-adnoc-quietly-restart-hormuz-oil-expor...
2026-05-14 22:48:17,361 [INFO] [798/1171] Skip (exists): article_8dddf492758a32e37e6019f51a2524f4.html ← https://oilprice.com/Energy/Crude-Oil/Oil-Markets-Whipsawed-by-Conflic...
2026-05-14 22:48:17,361 [INFO] [799/1171] Skip (exists): article_e5555df046bd939197c17ebd7abd29a6.html ← https://www.middleeasteye.net/news/ideology-family-and-history-uae-sau...
2026-05-14 22:48:17,361 [INFO] [800/1171] Skip (exists): article_0b58c808cdfd2d5d805d9a5ffc08fca4.html ← https://www.business-standard.com/world-news/saudi-aramco-q1-profit-ri...
2026-05-14 22:48:17,361 [INFO] [801/1171] Skip (exists): article_b5331cebc9d76841b48f52a817b4f29b.html ← https://vocal.media/theSwamp/saudi-arabia-east-west-petroline...
2026-05-14 22:48:17,362 [INFO] [802/1171] Skip (exists): article_8bccabbb4dd4e96cda694adc1bd8b639.html ← https://www.reuters.com/business/energy/opec-agrees-principle-small-oi...
2026-05-14 22:48:17,362 [INFO] [803/1171] Skip (exists): article_fde00ae7f2e623406c6c7e2441f3c77f.html ← https://www.newsbug.info/news/nation/opec-to-make-first-post-uae-produ...
2026-05-14 22:48:17,362 [INFO] [804/1171] Skip (exists): article_54818f76404d35d99122bd892fad0d68.html ← https://www.newsbytesapp.com/news/business/opec-meeting-begins-today-u...
2026-05-14 22:48:17,362 [INFO] [805/1171] Skip (exists): article_f65e047665f0f9ea7d794427bfc2ed46.html ← https://www.dailymirror.lk/international/OPEC-members-meet-to-set-new-...
2026-05-14 22:48:17,362 [INFO] [806/1171] Skip (exists): article_991ae78679660b54dbdb14d86316d743.html ← https://energy.economictimes.indiatimes.com/news/oil-and-gas/opec-nati...
2026-05-14 22:48:17,362 [INFO] [807/1171] Skip (exists): article_4f621648ddc2a1581f6442227f64dfad.html ← https://omanet.om/en/news/business/opec-decides-oil-production-quotas/...
2026-05-14 22:48:17,362 [INFO] [808/1171] Skip (exists): article_3cbcbaaf04d97742f941dfb04f97a9c5.html ← https://www.aogr.com/web-exclusives/exclusive-story/six-countries-stan...
2026-05-14 22:48:17,362 [INFO] [809/1171] Skip (exists): article_723de3071781b2b3c8b4ca08973edea5.html ← https://www.investing.com/news/stock-market-news/occidental-names-vete...
2026-05-14 22:48:17,362 [INFO] [810/1171] Skip (exists): article_5a182943bd3309f153bd422db6eefd78.html ← https://www.bnamericas.com/en/features/vaca-muerta-oil-heavyweight-vis...
2026-05-14 22:48:17,362 [INFO] [811/1171] Skip (exists): article_bfad3c05f4b791384a9d927998f85f25.html ← https://www.krgv.com/videos/port-of-brownsville-oil-refinery-set-to-br...
2026-05-14 22:48:17,362 [INFO] [812/1171] Skip (exists): article_b687fe25e4765607ac669f6c8289deaa.html ← https://www.msn.com/en-in/money/topstories/best-and-sweetest-oil-trump...
2026-05-14 22:48:17,362 [INFO] [813/1171] Skip (exists): article_db08a7f255097108fb3510a3b87c13e9.html ← https://oilprice.com/Company-News/ConocoPhillips-Earnings-Slip-as-Outp...
2026-05-14 22:48:17,362 [INFO] [814/1171] Skip (exists): article_42bb88ec1f92ada99b3518de6fab14f0.html ← https://boereport.com/2026/05/01/owners-of-wildfire-energy-explore-4-b...
2026-05-14 22:48:17,363 [INFO] [815/1171] Skip (exists): article_ba92aac2d74869d918b4b1ca572a6340.html ← https://www.globenewswire.com/news-release/2025/11/10/3184516/0/en/qui...
2026-05-14 22:48:17,363 [INFO] [816/1171] Skip (exists): article_9ac0cb2261e0e7a0895dc662a71514fc.html ← https://www.qcintel.com/article/spanish-refined-oil-stocks-hit-2-year-...
2026-05-14 22:48:17,363 [INFO] [817/1171] Skip (exists): article_3c758bfacce06fdfa4bd5405eee99511.html ← https://www.marketbeat.com/instant-alerts/marathon-petroleum-q1-earnin...
2026-05-14 22:48:17,363 [INFO] [818/1171] Skip (exists): article_f1eee9f34275050d33e50ebdd0712cba.html ← https://seekingalpha.com/article/4902872-its-just-plane-obvious-delta-...
2026-05-14 22:48:17,363 [INFO] [819/1171] Skip (exists): article_a0a2416471001aa7200875b4480d2b75.html ← https://www.msn.com/en-in/money/topstories/jet-fuel-prices-surge-over-...
2026-05-14 22:48:17,363 [INFO] [820/1171] Skip (exists): article_d887feee08dbaecc6aacfb062c7bae14.html ← https://m.investing.com/news/transcripts/earnings-call-transcript-mara...
2026-05-14 22:48:17,363 [INFO] [821/1171] Skip (exists): article_259f9c63b51b3f195d12e5bb92ed1219.html ← https://www.bitget.com/asia/amp/news/detail/12560605408651...
2026-05-14 22:48:17,363 [INFO] [822/1171] Skip (exists): article_d8a6a0d8de226f21311f9736544a77eb.html ← https://oilprice.com/Energy/Crude-Oil/After-Squandering-25B-In-Refiner...
2026-05-14 22:48:17,363 [INFO] [823/1171] Skip (exists): article_fc0552e967e5d43439bb31d56d3d40c9.html ← https://www.baystreet.ca/amp/articles/stockstowatch.aspx?articleid=120...
2026-05-14 22:48:17,363 [INFO] [824/1171] Skip (exists): article_8214f94b935207cfccbf201bc26eedc8.html ← https://www.ad-hoc-news.de/boerse/news/ueberblick/thai-oil-pcl-stock-t...
2026-05-14 22:48:17,363 [INFO] [825/1171] Skip (exists): article_734261e9e0b215733bee0814ce863418.html ← https://www.wsj.com/business/energy-oil/u-s-crude-oil-stockpiles-fall-...
2026-05-14 22:48:17,363 [INFO] [826/1171] Skip (exists): article_d00fb620fec50a8d07b0a393af55bef7.html ← https://www.rigzone.com/news/usa_crude_oil_stocks_drop_by_more_than_2m...
2026-05-14 22:48:17,363 [INFO] [827/1171] Skip (exists): article_2841fca5737d753e4402b5d0236861f8.html ← https://www.kansascityfed.org/denver/rocky-mountain-economist/higher-o...
2026-05-14 22:48:17,363 [INFO] [828/1171] Skip (exists): article_e52dc7a276f0a17a532ecac5b82b175b.html ← https://www.aa.com.tr/en/energy/oil/us-crude-oil-inventories-down-05-i...
2026-05-14 22:48:17,363 [INFO] [829/1171] Skip (exists): article_6f1ab26bbeeb229332f6dc7467c98e3b.html ← https://oilprice.com/Energy/Energy-General/Oil-Supply-Shock-Worsens-am...
2026-05-14 22:48:17,363 [INFO] [830/1171] Skip (exists): article_7f5004e834469926ad93b7a7e0e8ae22.html ← https://www.xtb.com/int/market-analysis/news-and-research/breaking-us-...
2026-05-14 22:48:17,363 [INFO] [831/1171] Skip (exists): article_2172040f793b78961c0042c09e196c9e.html ← https://www.energyconnects.com/news/oil/2026/may/chevron-ceo-warns-oil...
2026-05-14 22:48:17,363 [INFO] [832/1171] Skip (exists): article_d82b21cbf93641bd76dc79be6342be12.html ← https://www.techi.com/gas-prices-today/...
2026-05-14 22:48:17,363 [INFO] [833/1171] Skip (exists): article_48ea4159c8adaa17eced6209057e22e7.html ← https://www.qcintel.com/article/eia-us-crude-oil-stocks-drop-again-des...
2026-05-14 22:48:17,363 [INFO] [834/1171] Skip (exists): article_ec5606f6be64fd89ae9d95ca32224290.html ← https://energyandcleanair.org/april-2026-monthly-analysis-of-russian-f...
2026-05-14 22:48:17,363 [INFO] [835/1171] Skip (exists): article_06154c996e3883e78e7b92096823fac7.html ← https://www.nytimes.com/2026/05/10/business/oil-stocks-iran-war.html...
2026-05-14 22:48:17,364 [INFO] [836/1171] Skip (exists): article_9f9fc94d8d908cf90a738b028b74b155.html ← https://www.litefinance.org/blog/analysts-opinions/oil-price-predictio...
2026-05-14 22:48:17,364 [INFO] [837/1171] Skip (exists): article_df784f68bd7d6e7107d0562b1f953669.html ← https://newsukraine.rbc.ua/news/s-1778517489.html...
2026-05-14 22:48:17,364 [INFO] [838/1171] Skip (exists): article_e1dff2c21be42622644dc42db5ced679.html ← https://www.barchart.com/story/news/1852256/crude-oil-prices-jump-as-s...
2026-05-14 22:48:17,364 [INFO] [839/1171] Skip (exists): article_1e54a22f7c31b1f67b9f34a5185db59b.html ← https://en.antaranews.com/amp/news/415437/indonesia-expects-russian-cr...
2026-05-14 22:48:17,364 [INFO] [840/1171] Skip (exists): article_08ff79c87713b5a05d042f429e9e9275.html ← https://www.msn.com/en-in/news/other/india-turns-down-russia-s-sanctio...
2026-05-14 22:48:17,364 [INFO] [841/1171] Skip (exists): article_95b6f30a943be684804c8d194393998b.html ← https://koreajoongangdaily.joins.com/news/2026-05-11/business/industry...
2026-05-14 22:48:17,364 [INFO] [842/1171] Skip (exists): article_9c8e37c3ad8101341a86b27aab488f56.html ← https://www.indexbox.io/blog/shale-gas-hydraulic-fracturing-market-for...
2026-05-14 22:48:17,364 [INFO] [843/1171] Skip (exists): article_515d4c6cfe1cd6650501fe8de2edf2c5.html ← https://energynewsbeat.co/crude-oil/us-rig-count-up-one-this-week/...
2026-05-14 22:48:17,364 [INFO] [844/1171] Skip (exists): article_9d41fb543892c3600c0f57e2a13cf494.html ← https://www.msn.com/en-in/news/other/which-country-is-the-largest-prod...
2026-05-14 22:48:17,364 [INFO] [845/1171] Skip (exists): article_555bf480c7acaa6838f9294e23c0fe38.html ← https://www.gulf-times.com/article/724848/business/us-has-more-natural...
2026-05-14 22:48:17,364 [INFO] [846/1171] Skip (exists): article_12fa78f49b1a17efcf519f9a314b58c8.html ← https://www.aogr.com/web-exclusives/exclusive-story/energy-executives-...
2026-05-14 22:48:17,364 [INFO] [847/1171] Skip (exists): article_994bebc901f3661bfe4029946af0bcc8.html ← https://market.us/report/global-drilling-and-completion-fluids-market/...
2026-05-14 22:48:17,364 [INFO] [848/1171] Skip (exists): article_96fdad6a8ff5295cb91c7a64807ebb87.html ← https://www.msn.com/en-in/money/topstories/best-and-sweetest-oil-trump...
2026-05-14 22:48:17,364 [INFO] [849/1171] Skip (exists): article_1e3ee97d26dfa798f438009a43b0730f.html ← https://www.indexbox.io/blog/oilfield-stimulation-chemicals-market-for...
2026-05-14 22:48:17,364 [INFO] [850/1171] Skip (exists): article_cb94d07fd027ac12e0d93486e3fe0a73.html ← https://www.zacks.com/research-daily/2910763/top-stock-reports-for-tes...
2026-05-14 22:48:17,364 [INFO] [851/1171] Skip (exists): article_5a7d156940ee5f2a357eb1e0ab09e575.html ← https://www.wsj.com/business/energy-oil/aramco-sees-oil-market-losing-...
2026-05-14 22:48:17,364 [INFO] [852/1171] Skip (exists): article_f7b5a634e3e5dc47b4a154a5715620a0.html ← https://www.reuters.com/business/energy/strait-hormuz-disruption-could...
2026-05-14 22:48:17,364 [INFO] [853/1171] Skip (exists): article_461d823a61435acdd797b4ad62348691.html ← https://www.kurdistan24.net/en/story/913127...
2026-05-14 22:48:17,364 [INFO] [854/1171] Skip (exists): article_9dc95c622bad2e2a0e71020aa634619b.html ← https://www.agbi.com/energy/2026/05/saudi-crude-exports-to-china-set-f...
2026-05-14 22:48:17,364 [INFO] [855/1171] Skip (exists): article_f12a9e3bb0703911a6dfc841d5d13c01.html ← https://www.zawya.com/en/business/energy/saudi-crude-exports-to-china-...
2026-05-14 22:48:17,364 [INFO] [856/1171] Skip (exists): article_15514494e33d353f6fc104b32a2ce28e.html ← https://www.chemanalyst.com/NewsAndDeals/NewsDetails/saudi-aramco-q1-p...
2026-05-14 22:48:17,365 [INFO] [857/1171] Skip (exists): article_1588de3eff9c0dc17c2508f6c5414776.html ← https://naturalgasintel.com/news/maintenance-induced-lng-feed-gas-lull...
2026-05-14 22:48:17,365 [INFO] [858/1171] Skip (exists): article_e92389c5f1aee405517bf2507b9f8f4f.html ← https://www.investing.com/analysis/the-natural-gas-trade-that-most-us-...
2026-05-14 22:48:17,365 [INFO] [859/1171] Skip (exists): article_ef89fe5590d83d0d85272fe979e1c3d0.html ← https://www.aol.com/articles/eu-purchases-russia-largest-natural-11103...
2026-05-14 22:48:17,365 [INFO] [860/1171] Skip (exists): article_9b8af8ed55415c0a35c3a50d1c20ce07.html ← https://www.msn.com/en-us/money/markets/natural-gas-follows-oil-prices...
2026-05-14 22:48:17,365 [INFO] [861/1171] Skip (exists): article_10d6cc0caf6caf6d687a6ee227b1c41d.html ← https://www.valuethemarkets.com/investing-data-story/visualized-natura...
2026-05-14 22:48:17,365 [INFO] [862/1171] Skip (exists): article_bde0bb5c72dbda90d44d9dd448bf34d6.html ← https://naturalgasintel.com/news/natural-gas-bulls-look-to-lng-risks-f...
2026-05-14 22:48:17,365 [INFO] [863/1171] Skip (exists): article_40f54c21c64bb36f1d03252925d61f48.html ← https://lngprime.com/americas/atlantic-and-pacific-lng-shipping-rates-...
2026-05-14 22:48:17,365 [INFO] [864/1171] Skip (exists): article_d7165363014c4cdd4ab3c0a4a0a41b22.html ← https://www.qcintel.com/article/natgas-ttf-eases-on-week-norway-outage...
2026-05-14 22:48:17,365 [INFO] [865/1171] Skip (exists): article_5caa82b2ea85bc7396040aee86bbabec.html ← https://energynow.com/2026/02/slowing-us-shale-growth-has-fracking-com...
2026-05-14 22:48:17,365 [INFO] [866/1171] Skip (exists): article_e1e892e2831bad9fe96d325ac6945ed8.html ← https://ca.finance.yahoo.com/news/look-back-u-shale-e-203655924.html...
2026-05-14 22:48:17,365 [INFO] [867/1171] Skip (exists): article_23dd902cd5e594a09b96db1b1e2b6486.html ← https://discoveryalert.com.au/diamondback-shale-production-increase-pe...
2026-05-14 22:48:17,365 [INFO] [868/1171] Skip (exists): article_49057bceba3f0644b2faec0399c40124.html ← https://www.indexbox.io/blog/drilling-liquid-level-monitoring-equipmen...
2026-05-14 22:48:17,365 [INFO] [869/1171] Skip (exists): article_a452be0b54d43f49e7ab1bc1d0db93d7.html ← https://www.aol.com/2014-01-10-analyst-debate-is-devon-energy-americas...
2026-05-14 22:48:17,365 [INFO] [870/1171] Skip (exists): article_561f4b552b2b307025ce127c631c85d2.html ← https://intellectia.ai/blog/oil-stocks-geopolitical-tensions-2026...
2026-05-14 22:48:17,365 [INFO] [871/1171] Skip (exists): article_6390858dc6c7a4d0942e736df75d61e8.html ← https://boereport.com/2026/05/11/us-natgas-futures-rise-3-as-output-fa...
2026-05-14 22:48:17,365 [INFO] [872/1171] Skip (exists): article_b5bb1ff1901ad3bed078df57ea31ffb7.html ← https://energynow.com/2026/03/oil-gas-exploration-is-back-energy-giant...
2026-05-14 22:48:17,366 [INFO] [873/1171] Skip (exists): article_8c0bda0c8ee8591a1fcbb841366e8b25.html ← https://www.reuters.com/business/energy/dollar-eases-us-iran-deal-hope...
2026-05-14 22:48:17,366 [INFO] [874/1171] Skip (exists): article_8e6b1bb7be2d5b43617c08c739b8729f.html ← https://moderndiplomacy.eu/2026/05/06/dollar-weakens-on-us-iran-deal-o...
2026-05-14 22:48:17,366 [INFO] [875/1171] Skip (exists): article_5f925ef9e4441fd617a388a2a1680b74.html ← https://news.futunn.com/en/post/72541890/the-us-dollar-is-experiencing...
2026-05-14 22:48:17,366 [INFO] [876/1171] Skip (exists): article_20ae974ebc5b350e4e2e0d99f5e3aaac.html ← https://economymiddleeast.com/news/stock-market-today-sp-500-falls-0-4...
2026-05-14 22:48:17,366 [INFO] [877/1171] Skip (exists): article_c6e783bd61ce2978f49eddcdd60bf258.html ← https://www.fxstreet.com/news/dxy-range-holds-as-energy-dynamics-domin...
2026-05-14 22:48:17,366 [INFO] [878/1171] Skip (exists): article_075086268c44025454d777557e138842.html ← https://www.whalesbook.com/news/English/commodities/Gold-Silver-Jump-a...
2026-05-14 22:48:17,366 [INFO] [879/1171] Skip (exists): article_9f9ea3e7cef662b413c9ea391d6bcdd5.html ← https://discoveryalert.com.au/gold-strong-dollar-rising-oil-treasury-y...
2026-05-14 22:48:17,366 [INFO] [880/1171] Skip (exists): article_9b700a0c74fed38e6700447dc83a3375.html ← https://www.fool.com/investing/stock-market/market-sectors/energy/hydr...
2026-05-14 22:48:17,366 [INFO] [881/1171] Skip (exists): article_78e068df1198892a15339fbde0f752a3.html ← https://discoveryalert.com.au/oil-supply-shock-petroleum-inventories-h...
2026-05-14 22:48:17,366 [INFO] [882/1171] Skip (exists): article_709b15e236a19eca35c888115071c825.html ← https://www.wsj.com/world/middle-east/chinas-teapot-refiners-targeted-...
2026-05-14 22:48:17,366 [INFO] [883/1171] Skip (exists): article_32d2a66178f923bd2a60a86cdfd64413.html ← https://www.aljazeera.com/economy/2026/5/3/china-blocks-us-sanctions-a...
2026-05-14 22:48:17,366 [INFO] [884/1171] Skip (exists): article_d1ebd857014f5c956bfbba7001b95146.html ← https://www.geopolitechs.org/p/china-uses-blocking-law-for-first...
2026-05-14 22:48:17,366 [INFO] [885/1171] Skip (exists): article_efffff2ae643dbd8f60a68306dc16726.html ← https://www.idnfinancials.com/news/63454/china-defies-us-ignores-sanct...
2026-05-14 22:48:17,366 [INFO] [886/1171] Skip (exists): article_70cb9b2ad03419c3e64939ca80b21481.html ← https://www.straitstimes.com/asia/east-asia/chinas-commerce-ministry-b...
2026-05-14 22:48:17,366 [INFO] [887/1171] Skip (exists): article_da0ecdb92b0c7b794c0017e723fb4f14.html ← https://www.pakistantoday.com.pk/2026/05/03/china-rejects-us-sanctions...
2026-05-14 22:48:17,366 [INFO] [888/1171] Skip (exists): article_10a803570319f413da34b89c6b8fa07a.html ← https://www.cnbc.com/2026/05/11/oil-price-today-brent-wti-iran-war-tru...
2026-05-14 22:48:17,366 [INFO] [889/1171] Skip (exists): article_0b1be0e3e67d5c10ef764f4aac418b05.html ← https://fortune.com/article/price-of-oil-05-11-2026/...
2026-05-14 22:48:17,366 [INFO] [890/1171] Skip (exists): article_d5dfa1fcdae2f0fca9fd4fa37cc50973.html ← https://oilprice.com/Energy/Crude-Oil/7-Billion-In-Perfectly-Timed-Oil...
2026-05-14 22:48:17,366 [INFO] [891/1171] Skip (exists): article_72396f55abf7e3f4220f7c5dfa22f474.html ← https://timesofindia.indiatimes.com/business/international-business/oi...
2026-05-14 22:48:17,366 [INFO] [892/1171] Skip (exists): article_4a36976fddb7a589cf721de17d52d0f0.html ← https://m.economictimes.com/news/international/us/why-are-oil-prices-u...
2026-05-14 22:48:17,366 [INFO] [893/1171] Skip (exists): article_7bb048601fb5cd85bfbbdde73ba88b07.html ← https://www.bbc.com/news/articles/ckgp4ev4yg4o...
2026-05-14 22:48:17,366 [INFO] [894/1171] Skip (exists): article_dc4332a66a758c2d95edb3aa94081ec4.html ← https://www.bloomberg.com/news/articles/2026-05-06/us-considers-tappin...
2026-05-14 22:48:17,366 [INFO] [895/1171] Skip (exists): article_db5ce4bccee6b4d51eb07803e6ab8449.html ← https://www.worldoil.com/news/2026/5/6/u-s-weighs-drilling-under-milit...
2026-05-14 22:48:17,366 [INFO] [896/1171] Skip (exists): article_b9bd69d58d4bab3970fa4574c60dac75.html ← https://www.upstreamonline.com/energy-security/us-not-considering-furt...
2026-05-14 22:48:17,366 [INFO] [897/1171] Fetching article: https://nationalpost.com/news/world/trump-u-s-military-bases-oil-refil...
2026-05-14 22:48:29,714 [INFO] ✓ Saved HTML to article_cf2fed23186f690067adec7dc25af6c8.html
2026-05-14 22:48:33,062 [INFO] [898/1171] Fetching article: https://www.vermontpublic.org/npr-news/2026-05-05/gas-prices-went-up-m...
2026-05-14 22:48:47,746 [INFO] ✓ Saved HTML to article_7b3e66603d8d7f797204fc9ae9709ecd.html
2026-05-14 22:48:51,450 [INFO] [899/1171] Fetching article: https://www.reuters.com/business/energy/us-crude-stocks-gasoline-disti...
2026-05-14 22:49:03,588 [INFO] ✓ Saved HTML to article_2e4507ec6dcc186ed89be3671d1793e1.html
2026-05-14 22:49:10,755 [INFO] [900/1171] Fetching article: https://discoveryalert.com.au/strategic-petroleum-reserve-military-bas...
2026-05-14 22:49:25,708 [INFO] ✓ Saved HTML to article_acaa4d24c38ca0ba7c208e178331a8e7.html
2026-05-14 22:49:29,614 [INFO] [901/1171] Fetching article: https://www.msn.com/en-us/news/insight/us-trade-deficit-widens-to-60-3...
2026-05-14 22:49:35,992 [INFO] ✓ Saved HTML to article_44a2fddca40ac88547f6b68c6b8fd096.html
2026-05-14 22:49:41,235 [INFO] [902/1171] Fetching article: https://theprint.in/economy/india-ramps-up-venezuela-oil-buys-to-diver...
2026-05-14 22:49:52,418 [INFO] ✓ Saved HTML to article_6f0fc3dea06d066bc824564c9c4f07a9.html
2026-05-14 22:49:57,938 [INFO] [903/1171] Fetching article: https://eastasiaforum.org/2026/05/06/indias-farms-dodged-the-hormuz-cr...
2026-05-14 22:50:05,770 [INFO] ✓ Saved HTML to article_c3e1c9ac22ce45fc836e446b0a17aeb2.html
2026-05-14 22:50:11,800 [INFO] [904/1171] Fetching article: https://indianewengland.com/u-s-trade-deficit-widens-in-march-as-india...
2026-05-14 22:50:27,248 [INFO] ✓ Saved HTML to article_90380fd6d1183d249ac876303e65fa0d.html
2026-05-14 22:50:33,149 [INFO] [905/1171] Fetching article: https://www.cfr.org/articles/after-hormuz-southeast-asia-sees-the-pote...
2026-05-14 22:50:44,534 [INFO] ✓ Saved HTML to article_deb08e873a68b77f6941ee8999f9b172.html
2026-05-14 22:50:49,199 [INFO] [906/1171] Fetching article: https://orfme.org/research/the-maritime-insurance-chokepoint-securing-...
2026-05-14 22:51:00,354 [INFO] ✓ Saved HTML to article_d15d3db1e78c23abc041bd14193a15c9.html
2026-05-14 22:51:06,447 [INFO] [907/1171] Fetching article: https://www.socialnews.xyz/2026/05/05/us-trade-gap-widens-india-defici...
2026-05-14 22:51:22,792 [INFO] ✓ Saved HTML to article_03ec62379fb611f094c261f9947966e5.html
2026-05-14 22:51:30,233 [INFO] [908/1171] Fetching article: https://energynow.ca/2026/03/perspective-the-canada-india-energy-trade...
2026-05-14 22:51:37,011 [INFO] ✓ Saved HTML to article_4ba2243daf336cd2509039f5172e0a15.html
2026-05-14 22:51:41,916 [INFO] [909/1171] Fetching article: https://allafrica.com/stories/202605110978.html...
2026-05-14 22:51:54,153 [INFO] ✓ Saved HTML to article_5b4d8acfc37f98391b9ef53b0bf1b03d.html
2026-05-14 22:51:59,658 [INFO] [910/1171] Fetching article: https://tanzaniatimes.net/why-africa-is-drowning-in-oil-but-still-thir...
2026-05-14 22:52:19,336 [INFO] ✓ Saved HTML to article_66b1b69ad5208624c999d7a2d5b7f097.html
2026-05-14 22:52:22,653 [INFO] [911/1171] Fetching article: https://www.downtoearth.org.in/africa/fossil-fuel-wealth-fails-africas...
2026-05-14 22:52:34,699 [INFO] ✓ Saved HTML to article_e611c51012546bb86c3c2b844a2f527a.html
2026-05-14 22:52:39,641 [INFO] [912/1171] Fetching article: https://discoveryalert.com.au/nigeria-refinery-overhaul-chinese-firms-...
2026-05-14 22:52:53,467 [INFO] ✓ Saved HTML to article_59adb6e4f423e7a9091395387ca6c8d5.html
2026-05-14 22:52:57,342 [INFO] [913/1171] Fetching article: https://www.msn.com/en-us/news/insight/chinese-tanker-hit-near-hormuz-...
2026-05-14 22:53:01,832 [INFO] ✓ Saved HTML to article_59dfa04d5f89bda2a2cedb6e4782bae9.html
2026-05-14 22:53:06,911 [INFO] [914/1171] Fetching article: https://vocal.media/futurism/iran-now-threatening-to-close-bab-al-mand...
2026-05-14 22:53:14,024 [INFO] ✓ Saved HTML to article_05369843564b736c1407b6a5075e2980.html
2026-05-14 22:53:21,757 [INFO] [915/1171] Fetching article: https://www.msn.com/en-us/news/insight/china-confirms-tanker-attack-as...
2026-05-14 22:53:26,422 [INFO] ✓ Saved HTML to article_b5ddf74ee2e91e608210fbc1ffd09920.html
2026-05-14 22:53:33,233 [INFO] [916/1171] Fetching article: https://www.msn.com/en-us/news/insight/chinese-tanker-hit-near-hormuz-...
2026-05-14 22:53:38,209 [INFO] ✓ Saved HTML to article_c118d0eabd4763259ee620f1de17977e.html
2026-05-14 22:53:44,047 [INFO] [917/1171] Fetching article: https://www.msn.com/en-us/news/insight/china-confirms-tanker-attack-as...
2026-05-14 22:53:50,319 [INFO] ✓ Saved HTML to article_acb3301f7e87bfcc7bcb9aa1ee85a670.html
2026-05-14 22:53:55,067 [INFO] [918/1171] Fetching article: https://warontherocks.com/whats-going-on-in-iran/...
2026-05-14 22:54:11,060 [INFO] ✓ Saved HTML to article_4a2be4d765419c2e7170543abe090e28.html
2026-05-14 22:54:18,627 [INFO] [919/1171] Fetching article: https://www.dw.com/en/iran-war-peace-deal-trump-optimistic/live-770726...
2026-05-14 22:54:25,305 [INFO] ✓ Saved HTML to article_4f74f4499645e6494c78553aed5945bf.html
2026-05-14 22:54:31,446 [INFO] [920/1171] Fetching article: https://www.iiss.org/online-analysis/charting-china/2026/05/china-and-...
2026-05-14 22:54:43,956 [INFO] ✓ Saved HTML to article_9ce5105d1fd07139245a0564c632375d.html
2026-05-14 22:54:50,889 [INFO] [921/1171] Skip (exists): article_67093f861dca75e07b1cc6c0fbafc5fa.html ← https://themedialine.org/top-stories/the-unfinished-iran-war-are-there...
2026-05-14 22:54:50,889 [INFO] [922/1171] Fetching article: https://www.cnn.com/2026/05/07/middleeast/iran-hormuz-rules-warime-gai...
2026-05-14 22:55:00,536 [INFO] ✓ Saved HTML to article_987b67a715fe44877341e11a5d2e82a3.html
2026-05-14 22:55:04,390 [INFO] [923/1171] Fetching article: https://www.axios.com/2026/05/01/iran-us-war-oil-gas-travel-flights-je...
2026-05-14 22:55:12,484 [INFO] ✓ Saved HTML to article_658f9d6a06b7dd1853861ce3813deccc.html
2026-05-14 22:55:19,856 [INFO] [924/1171] Skip (exists): article_28c9d36c3247759be0318510ab89458a.html ← https://thehill.com/policy/energy-environment/5858507-iran-war-oil-pri...
2026-05-14 22:55:19,856 [INFO] [925/1171] Skip (exists): article_a78cc30a877d011c7d632b90202cb484.html ← https://thelogic.co/news/analysis/air-canada-bracing-oil-price-impact/...
2026-05-14 22:55:19,856 [INFO] [926/1171] Fetching article: https://www.reuters.com/business/iran-war-jet-fuel-concerns-cloud-airl...
2026-05-14 22:55:28,586 [INFO] ✓ Saved HTML to article_9c9c0ad1db8430bf6b99e7e3c0465da4.html
2026-05-14 22:55:34,133 [INFO] [927/1171] Fetching article: https://www.cnbc.com/2026/05/02/iran-war-airfare-travel-airlines-plane...
2026-05-14 22:55:41,967 [INFO] ✓ Saved HTML to article_f110ce652dce7e677edbd1d4df60cbcd.html
2026-05-14 22:55:47,970 [INFO] [928/1171] Skip (exists): article_0eb00159bbec1451383693e5ab53c3b0.html ← https://www.travelandtourworld.com/news/article/chinas-ev-revolution-s...
2026-05-14 22:55:47,970 [INFO] [929/1171] Fetching article: https://news.az/news/what-caused-spirit-airlines-to-shut-down...
2026-05-14 22:55:57,214 [INFO] ✓ Saved HTML to article_ac57397fd86e2ed6105af90f0f3f2a09.html
2026-05-14 22:56:02,782 [INFO] [930/1171] Fetching article: https://www.msn.com/en-in/money/topstories/bt-explainer-are-shrinking-...
2026-05-14 22:56:17,245 [INFO] ✓ Saved HTML to article_d880da1502ccb368548ac84e07388f37.html
2026-05-14 22:56:20,502 [INFO] [931/1171] Fetching article: https://travel.economictimes.indiatimes.com/news/aviation/internationa...
2026-05-14 22:56:28,867 [INFO] ✓ Saved HTML to article_06646ec60d13bdcc82295ce3f80f9100.html
2026-05-14 22:56:33,471 [INFO] [932/1171] Skip (exists): article_1eda49947924729b75402206aae9d4a0.html ← https://tribune.net.ph/2026/05/03/spirit-airlines-shuts-down-aviations...
2026-05-14 22:56:33,471 [INFO] [933/1171] Fetching article: https://www.governing.com/finance/governments-invisible-energy-costs...
2026-05-14 22:56:49,084 [INFO] ✓ Saved HTML to article_adc4db98a9219afaac84134dc4707530.html
2026-05-14 22:56:52,909 [INFO] [934/1171] Fetching article: https://www.oilandgas360.com/eia-monthly-energy-review-a-stable-system...
2026-05-14 22:57:02,717 [INFO] ✓ Saved HTML to article_447447a197fca69ec6c04b11b3bd0b1a.html
2026-05-14 22:57:09,232 [INFO] [935/1171] Fetching article: https://www.detroitnews.com/story/news/local/michigan/2026/05/04/michi...
2026-05-14 22:57:13,439 [INFO] ✓ Saved HTML to article_6192a76c40acfb2bcc10a1f9db26e068.html
2026-05-14 22:57:17,988 [INFO] [936/1171] Fetching article: https://www.reuters.com/commentary/reuters-open-interest/booming-us-en...
2026-05-14 22:57:26,613 [INFO] ✓ Saved HTML to article_1984d8db24c1035487ffdacfff1aa4e9.html
2026-05-14 22:57:34,093 [INFO] [937/1171] Fetching article: https://en.sedaily.com/finance/2026/05/04/global-oil-stocks-near-crisi...
2026-05-14 22:57:42,906 [INFO] ✓ Saved HTML to article_6487f9ac955d0e0e8b21017741666b7a.html
2026-05-14 22:57:49,477 [INFO] [938/1171] Skip (exists): article_0e17e2b9bdbd798583d37d2814822bcf.html ← https://www.newser.com/expert-time/Global-Oil-Market-Pricing-Disparity...
2026-05-14 22:57:49,477 [INFO] [939/1171] Skip (exists): article_2da7ba8703a728b19f2e674d6d9a69ce.html ← https://www.newser.com/aticles-market/Global-Oil-Market-Pricing-Dispar...
2026-05-14 22:57:49,477 [INFO] [940/1171] Skip (exists): article_ae02590e77f937b77e1d1759e2a4b5ea.html ← https://www.marketplace.org/story/2026/05/04/the-jet-fuel-crisis-could...
2026-05-14 22:57:49,477 [INFO] [941/1171] Skip (exists): article_45b972bf1862dcfbc93e5e2b8c274d5d.html ← https://monocle.com/business/aviation/jet-fuel-shortages-could-help-av...
2026-05-14 22:57:49,477 [INFO] [942/1171] Skip (exists): article_19e8aff25211f5c8d9bd0ee0acf3d9aa.html ← https://www.ft.com/content/3beeb26f-6c35-46a9-b116-42edbe6552fd?syn-25...
2026-05-14 22:57:49,477 [INFO] [943/1171] Skip (exists): article_51057ad1ab861a7c33c51f3f0ba059eb.html ← https://www.ibtimes.com/iran-war-causing-biggest-decline-oil-demand-hi...
2026-05-14 22:57:49,477 [INFO] [944/1171] Skip (exists): article_ffbb0080ac014c57c207ede191f32eae.html ← https://www.businessinsider.com/goldman-sachs-oil-jet-fuel-naphtha-lpg...
2026-05-14 22:57:49,477 [INFO] [945/1171] Skip (exists): article_f3b7e2ee989e6b2894c1444dde85cd93.html ← https://seekingalpha.com/article/4897986-why-isnt-oil-above-200-yet...
2026-05-14 22:57:49,477 [INFO] [946/1171] Skip (exists): article_516dac176c61ce1a3c05e57025c20084.html ← https://www.travelandtourworld.com/news/article/thailand-united-arab-e...
2026-05-14 22:57:49,477 [INFO] [947/1171] Skip (exists): article_da4df288798dbea4ce10a823fa1de0bb.html ← https://japantoday.com/category/features/travel/will-fuel-shortages-ru...
2026-05-14 22:57:49,477 [INFO] [948/1171] Skip (exists): article_08117cb461c3218617651576e4bc9674.html ← https://energydigital.com/top10/top-10-women-in-energy-in-the-us-2026...
2026-05-14 22:57:49,478 [INFO] [949/1171] Skip (exists): article_9714c080b5655abe5d8bb872fa11ae59.html ← https://tech.eu/2026/03/18/homaio-lands-eur36m-to-extend-access-to-ene...
2026-05-14 22:57:49,478 [INFO] [950/1171] Skip (exists): article_88c26ad34a253168b2e6b82120832f35.html ← https://pemedianetwork.com/carbon-economist/articles/ccus/2025/can-oxy...
2026-05-14 22:57:49,478 [INFO] [951/1171] Fetching article: https://solarquarter.com/2026/01/13/energy-transition-europe-ii-makes-...
2026-05-14 22:57:51,030 [WARNING] Failed (Attempt 1/3): Page.goto: net::ERR_HTTP2_PROTOCOL_ERROR at https://solarquarter.com/2026/01/13/energy-transition-europe-ii-makes-fourth-investment-in-hungary-financing-58-mwp-solar-portfolio-with-e6-5m-junior-debt/
Call log:
  - navigating to "https://solarquarter.com/2026/01/13/energy-transition-europe-ii-makes-fourth-investment-in-hungary-financing-58-mwp-solar-portfolio-with-e6-5m-junior-debt/", waiting until "domcontentloaded"

2026-05-14 22:57:59,261 [WARNING] Failed (Attempt 2/3): Page.goto: net::ERR_HTTP2_PROTOCOL_ERROR at https://solarquarter.com/2026/01/13/energy-transition-europe-ii-makes-fourth-investment-in-hungary-financing-58-mwp-solar-portfolio-with-e6-5m-junior-debt/
Call log:
  - navigating to "https://solarquarter.com/2026/01/13/energy-transition-europe-ii-makes-fourth-investment-in-hungary-financing-58-mwp-solar-portfolio-with-e6-5m-junior-debt/", waiting until "domcontentloaded"

2026-05-14 22:58:08,601 [WARNING] Failed (Attempt 3/3): Page.goto: net::ERR_HTTP2_PROTOCOL_ERROR at https://solarquarter.com/2026/01/13/energy-transition-europe-ii-makes-fourth-investment-in-hungary-financing-58-mwp-solar-portfolio-with-e6-5m-junior-debt/
Call log:
  - navigating to "https://solarquarter.com/2026/01/13/energy-transition-europe-ii-makes-fourth-investment-in-hungary-financing-58-mwp-solar-portfolio-with-e6-5m-junior-debt/", waiting until "domcontentloaded"

2026-05-14 22:58:14,165 [INFO] [952/1171] Skip (exists): article_59d2cbf00dca9c8b260bb8f5f87fefdb.html ← https://www.rigzone.com/news/wire/usa_considers_tapping_oil_under_mili...
2026-05-14 22:58:14,166 [INFO] [953/1171] Skip (exists): article_9af02c58b0385936af6314ee169104cc.html ← https://fortune.com/article/price-of-oil-05-08-2026/...
2026-05-14 22:58:14,166 [INFO] [954/1171] Skip (exists): article_d6cecac5e3600bc2fb0c8b1a1c866a36.html ← https://oilprice.com/Energy/Crude-Oil/Trump-Cannot-Just-Win-the-Strait...
2026-05-14 22:58:14,166 [INFO] [955/1171] Skip (exists): article_c0b9b7e713adaf70dc0bc78f8a0ae6da.html ← https://www.atlanticcouncil.org/dispatches/how-the-trump-administratio...
2026-05-14 22:58:14,166 [INFO] [956/1171] Skip (exists): article_1f3c3f568196161f8e8c757e8514c9d4.html ← https://amwaj.media/en/article/iraqs-western-pipeline-gambit-faces-a-w...
2026-05-14 22:58:14,166 [INFO] [957/1171] Skip (exists): article_8a241c8ed8d63776707f9efbd674453c.html ← https://www.rudaw.net/english/business/020520261...
2026-05-14 22:58:14,166 [INFO] [958/1171] Skip (exists): article_aa0ec03db01082309e4071f0025835d6.html ← https://ua.news/en/world/irak-buduie-novii-naftoprovid-dlia-rozshirenn...
2026-05-14 22:58:14,166 [INFO] [959/1171] Skip (exists): article_c14b43d7342e43e2360c20c7fd2b8f6c.html ← https://www.msn.com/en-ae/money/news/iraq-starts-work-on-basra-haditha...
2026-05-14 22:58:14,166 [INFO] [960/1171] Skip (exists): article_bb353b1f1dc64f9c6e0b08b499f1a420.html ← https://thearabweekly.com/iraq-starts-work-basra-haditha-pipeline-25-m...
2026-05-14 22:58:14,166 [INFO] [961/1171] Skip (exists): article_6c81efab921ce70861b65493b27e34f7.html ← https://energynow.ca/2026/03/oil-falls-after-iraq-resumes-oil-exports-...
2026-05-14 22:58:14,166 [INFO] [962/1171] Skip (exists): article_388d1db005ebbced74cba7d21dae8406.html ← https://www.shafaq.com/en/Economy/Iraq-launches-first-crude-oil-export...
2026-05-14 22:58:14,166 [INFO] [963/1171] Skip (exists): article_efb94067ee53203d1f478a4238d7256b.html ← https://caliber.az/en/post/iraq-launches-1-5-billion-basra-haditha-oil...
2026-05-14 22:58:14,166 [INFO] [964/1171] Skip (exists): article_f09a0135fd9b847642c53523d8cc592f.html ← https://www.rudaw.net/english/middleeast/iraq/01052026...
2026-05-14 22:58:14,167 [INFO] [965/1171] Skip (exists): article_e2ce7ceb8031736e16a1e7fc4febcfd4.html ← https://oilprice.com/Energy/Energy-General/Surinames-Delayed-Oil-Boom-...
2026-05-14 22:58:14,167 [INFO] [966/1171] Skip (exists): article_0783c5966ea9850d1fa9a292539c09de.html ← https://www.reuters.com/business/energy/hungry-sell-uae-slips-hidden-o...
2026-05-14 22:58:14,167 [INFO] [967/1171] Skip (exists): article_a5aa664fdda07e2d7a3c8b85a058cdb6.html ← https://www.timesofisrael.com/liveblog_entry/oil-prices-rise-on-the-ba...
2026-05-14 22:58:14,167 [INFO] [968/1171] Skip (exists): article_dcaa54102aed1bd6ce37b74e74376568.html ← https://www.audacy.com/wbbm780/news/world/iran-us-israel-war-may-8-202...
2026-05-14 22:58:14,167 [INFO] [969/1171] Skip (exists): article_56bc140b6a1239a0ae7e1799384d81b0.html ← https://en.yenisafak.com/world/us-investigates-oil-trades-tied-to-trum...
2026-05-14 22:58:14,167 [INFO] [970/1171] Skip (exists): article_5c72ad10cfaef2e36da9e7c2efa7bd1e.html ← https://www.dropsitenews.com/p/trump-hormuz-israel-west-bank-settler-m...
2026-05-14 22:58:14,167 [INFO] [971/1171] Skip (exists): article_0831fdbeb9abb9f839d171d2e0d6365c.html ← https://www.reuters.com/world/asia-pacific/china-asks-banks-pause-new-...
2026-05-14 22:58:14,167 [INFO] [972/1171] Skip (exists): article_3c06a2c90d4e3a772ede25db7e1d8b4a.html ← https://www.japantimes.co.jp/business/2026/05/04/china-firms-us-sancti...
2026-05-14 22:58:14,167 [INFO] [973/1171] Skip (exists): article_3878a7d256d69fcbd6d27aac18f81812.html ← https://oilprice.com/Energy/Energy-General/Venezuelas-Oil-Rebound-Show...
2026-05-14 22:58:14,167 [INFO] [974/1171] Skip (exists): article_6fb1d2b562300bf439c86925a03fc4ac.html ← https://thefact.ng/analysis-can-any-good-things-come-out-of-warri-and-...
2026-05-14 22:58:14,167 [INFO] [975/1171] Skip (exists): article_c7c0e0c1d02bdc5daee662ee575827f5.html ← https://www.worldatlas.com/economics/how-the-red-sea-shipping-crisis-a...
2026-05-14 22:58:14,167 [INFO] [976/1171] Skip (exists): article_c751659e972f52f8886e60b35284e2e0.html ← https://www.aljazeera.com/news/2026/5/2/yemen-reports-hijacked-oil-tan...
2026-05-14 22:58:14,167 [INFO] [977/1171] Skip (exists): article_ea78d9dcb87724f7e93fe2e87c7817e5.html ← https://www.yemenmonitor.com/en/Details/ArtMID/908/ArticleID/170728...
2026-05-14 22:58:14,167 [INFO] [978/1171] Skip (exists): article_9426b7e45db15e2a2b6c8be521535c65.html ← https://novanews.co.za/iran-war-redraws-sea-routes-with-africa-as-the-...
2026-05-14 22:58:14,167 [INFO] [979/1171] Skip (exists): article_274fd1262d16db3987fa82fcffdecb2c.html ← https://www.hindustantimes.com/ht-insight/international-affairs/intern...
2026-05-14 22:58:14,168 [INFO] [980/1171] Skip (exists): article_f4c7de15502a16cb2fafff028846312a.html ← https://www.ftlsomalia.com/piracy-fears-grow-as-three-vessels-hijacked...
2026-05-14 22:58:14,168 [INFO] [981/1171] Skip (exists): article_b9faa625c816be46ef9c07d0030c7438.html ← https://blogs.worldbank.org/en/opendata/strait-of-hormuz-disruption-se...
2026-05-14 22:58:14,168 [INFO] [982/1171] Skip (exists): article_57dcc472e39606723b83421eea44335f.html ← https://fortune.com/2026/05/08/maersk-ceo-iran-war-struggling-costs-50...
2026-05-14 22:58:14,168 [INFO] [983/1171] Skip (exists): article_17168ab3726c88c4c3ac53602366a6a2.html ← https://www.visualcapitalist.com/ranked-the-largest-oil-stockpiles-in-...
2026-05-14 22:58:14,168 [INFO] [984/1171] Skip (exists): article_e4058f81598fe8cd33cad2cc835ea35c.html ← https://www.resilience.org/stories/2026-05-07/the-paradox-of-oil-secur...
2026-05-14 22:58:14,168 [INFO] [985/1171] Skip (exists): article_8ac024620cc0ad567bf30f09fbc4d55a.html ← https://blogs.worldbank.org/en/developmenttalk/five-questions-on-how-t...
2026-05-14 22:58:14,168 [INFO] [986/1171] Skip (exists): article_fc7720f533446e3360779dec5255b254.html ← https://leadership.ng/iea-initiates-broader-market-approach-to-secure-...
2026-05-14 22:58:14,168 [INFO] [987/1171] Skip (exists): article_eabb37490ea87eaa5626280c86fa3424.html ← https://www.msn.com/en-in/entertainment/bollywood/iran-war-may-crush-o...
2026-05-14 22:58:14,168 [INFO] [988/1171] Skip (exists): article_2124934324614b0a1cc45bd5f8edc993.html ← https://www.aljazeera.com/news/2026/5/7/africa-sees-winners-and-losers...
2026-05-14 22:58:14,168 [INFO] [989/1171] Skip (exists): article_d8975afaa6700828a19e97976659042d.html ← https://fortune.com/article/price-of-oil-05-07-2026/...
2026-05-14 22:58:14,168 [INFO] [990/1171] Skip (exists): article_94415872e03e925735a1a08d49e4195d.html ← https://www.semafor.com/article/05/07/2026/oil-drops-on-renewed-hopes-...
2026-05-14 22:58:14,168 [INFO] [991/1171] Skip (exists): article_1d8d6d0e1fd980ac68f4f37fed6bf0a3.html ← https://www.newvision.co.ug/category/world/opec-slated-to-increase-oil...
2026-05-14 22:58:14,168 [INFO] [992/1171] Skip (exists): article_9a86c4bb99d5a4b202840261e3fec985.html ← https://www.msn.com/en-us/money/markets/the-uae-is-leaving-opec-heres-...
2026-05-14 22:58:14,168 [INFO] [993/1171] Skip (exists): article_518fd8e1bdabedebab69199875c26e05.html ← https://www.msn.com/en-in/news/other/uae-to-exit-opec-opec-from-may-1-...
2026-05-14 22:58:14,168 [INFO] [994/1171] Skip (exists): article_e13c0eb40bd64fa8360f27f7e78a5324.html ← https://www.msn.com/en-in/money/topstories/uae-oil-giant-adnoc-pledges...
2026-05-14 22:58:14,168 [INFO] [995/1171] Skip (exists): article_05b55dbe5dd6b34d3f9ef6406328dc32.html ← https://www.msn.com/en-in/foodanddrink/recipes/opec-to-make-first-post...
2026-05-14 22:58:14,168 [INFO] [996/1171] Skip (exists): article_6c5e1848b40ce25da3c556b99079a733.html ← https://www.reuters.com/business/energy/us-oil-prices-jump-us-iran-hos...
2026-05-14 22:58:14,168 [INFO] [997/1171] Skip (exists): article_00e762d3701350eac337d69934e4ba0b.html ← https://oilprice.com/Energy/Energy-General/Oil-Prices-Whipsaw-as-US-Ir...
2026-05-14 22:58:14,168 [INFO] [998/1171] Skip (exists): article_20373fbd73fce26500fb699003c7c10a.html ← https://nai500.com/blog/2026/05/the-crisis-in-the-strait-of-hormuz-is-...
2026-05-14 22:58:14,169 [INFO] [999/1171] Skip (exists): article_3a75537cadd902aefa588fa769de808c.html ← https://www.marketscreener.com/news/wti-crude-oil-futures-flat-at-94-7...
2026-05-14 22:58:14,169 [INFO] [1000/1171] Skip (exists): article_a46e74b258db19ff61cd35055dc18160.html ← https://www.ttnews.com/articles/oil-prices-dip-attacks...
2026-05-14 22:58:14,169 [INFO] [1001/1171] Skip (exists): article_f0ae11e76d8f719d68c7e6d3317da0c9.html ← https://www.marinelink.com/news/oil-prices-rise-usiran-fighting-contin...
2026-05-14 22:58:14,169 [INFO] [1002/1171] Skip (exists): article_d0a1e2d45ffa771608bbb06928d739b0.html ← https://alaskapublic.org/news/economy/2026-05-08/amid-iran-war-alaskas...
2026-05-14 22:58:14,169 [INFO] [1003/1171] Skip (exists): article_6d75db17c1ec6115d35b0a172dcbff99.html ← https://www.fxempire.com/forecasts/article/crude-oil-price-analysis-ar...
2026-05-14 22:58:14,169 [INFO] [1004/1171] Skip (exists): article_0d848bc1cd142a143ce8cb7b677a618c.html ← https://cryptobriefing.com/iran-us-conflict-disrupts-oil-supply-strait...
2026-05-14 22:58:14,169 [INFO] [1005/1171] Skip (exists): article_fdc3a3484818ac0ba8e08e63fff7e447.html ← https://www.oilandgas360.com/surinames-oil-reality-check/...
2026-05-14 22:58:14,170 [INFO] [1006/1171] Skip (exists): article_217f913d0d745504b02a4861582d3cb0.html ← https://www.energyintel.com/0000019d-e2eb-d50b-a5dd-f7eb7fe60000...
2026-05-14 22:58:14,170 [INFO] [1007/1171] Skip (exists): article_c0e7615c3dc901bc6cfe589575ac08f3.html ← https://ca.finance.yahoo.com/news/sintana-energy-eyes-drilling-seismic...
2026-05-14 22:58:14,170 [INFO] [1008/1171] Skip (exists): article_0479941a38c558fe510c719d500bc8a0.html ← https://www.travelandtourworld.com/news/article/croatia-tourism-boom-c...
2026-05-14 22:58:14,170 [INFO] [1009/1171] Skip (exists): article_e5d9342e3679d59e0d11be86c8317c39.html ← https://oilprice.com/Energy/Energy-General/UK-Airlines-Race-to-Secure-...
2026-05-14 22:58:14,170 [INFO] [1010/1171] Skip (exists): article_4384bfc920fe5b28bd4fe828c0cea91f.html ← https://auto.economictimes.indiatimes.com/news/oil-and-lubes/oil-shock...
2026-05-14 22:58:14,170 [INFO] [1011/1171] Skip (exists): article_9edbfee35597d1078af5fcb4bf6c4397.html ← https://www.travelandtourworld.com/news/article/turkiye-joins-hungary-...
2026-05-14 22:58:14,170 [INFO] [1012/1171] Skip (exists): article_887ce1a1bc86465ba726dad990e019c2.html ← https://www.travelandtourworld.com/news/article/middle-east-conflict-s...
2026-05-14 22:58:14,170 [INFO] [1013/1171] Skip (exists): article_bbd83cebd9eed2adc4e9a0669fce0ff9.html ← https://responsiblestatecraft.org/us-eritrea-normalization/...
2026-05-14 22:58:14,170 [INFO] [1014/1171] Skip (exists): article_cc5802c12adc55e6690e75b938736e93.html ← https://www.middleeastmonitor.com/20260504-egypt-incurs-10b-in-suez-ca...
2026-05-14 22:58:14,170 [INFO] [1015/1171] Skip (exists): article_dcf24a0d7e19bd4547f7f3b95437b144.html ← https://www.aljazeera.com/news/2026/5/4/does-trump-hold-all-the-cards-...
2026-05-14 22:58:14,170 [INFO] [1016/1171] Skip (exists): article_9b8b02e9ff081d4fae655f7db8fa1dbe.html ← https://www.bloomberg.com/news/newsletters/2026-05-04/how-the-iran-war...
2026-05-14 22:58:14,170 [INFO] [1017/1171] Skip (exists): article_dc66d05e564b3f120fd647936a7d06ae.html ← https://www.forbes.com/sites/petersuciu/2026/05/04/the-us-navys-larges...
2026-05-14 22:58:14,170 [INFO] [1018/1171] Skip (exists): article_ba36dec1f9efe684c64cd1f9c6a8ff0c.html ← https://dailybeirut.com/en/economy/sisi-reveals-massive-losses-for-the...
2026-05-14 22:58:14,170 [INFO] [1019/1171] Skip (exists): article_3bc747606554c686daa6bac4b3c1d0d2.html ← https://www.qcintel.com/article/saudi-crude-osps-set-for-cuts-but-vola...
2026-05-14 22:58:14,170 [INFO] [1020/1171] Fetching article: https://news.laodong.vn/the-gioi/tau-cho-dau-o-at-roi-bo-hormuz-danh-c...
2026-05-14 22:58:30,333 [WARNING] Failed (Attempt 1/3): Page.content: Unable to retrieve content because the page is navigating and changing the content.
2026-05-14 22:58:54,818 [WARNING] Failed (Attempt 2/3): Page.content: Unable to retrieve content because the page is navigating and changing the content.
2026-05-14 22:59:19,627 [WARNING] Failed (Attempt 3/3): Page.content: Unable to retrieve content because the page is navigating and changing the content.
2026-05-14 22:59:22,941 [INFO] [1021/1171] Skip (exists): article_8737e0fb5e45846ab27e0937e995fe1d.html ← https://edition.mv/world/49431?ref=article-related...
2026-05-14 22:59:22,941 [INFO] [1022/1171] Skip (exists): article_c39f68d59c3b6b4615f2e31b55f7230a.html ← https://www.aljazeera.com/features/2026/5/5/what-comes-next-fear-grips...
2026-05-14 22:59:22,941 [INFO] [1023/1171] Skip (exists): article_59d3c2cffa04b62ea9397e28ff8a21ea.html ← https://www.pa.gov/agencies/dep/newsroom/2026-04-28-shapiro-administra...
2026-05-14 22:59:22,941 [INFO] [1024/1171] Skip (exists): article_4dd5f25ccd21113919f367530008d7d8.html ← https://www.1012industryreport.com/economic-development/record-investm...
2026-05-14 22:59:22,941 [INFO] [1025/1171] Skip (exists): article_43872f182fc00b32792abdcd3e67c497.html ← https://legis1.com/news/epa-budget-hearing-amid-rollback-threats...
2026-05-14 22:59:22,941 [INFO] [1026/1171] Skip (exists): article_5f8c59a4e8f5dd942cb2ef59f2da5cc5.html ← https://www.hunton.com/the-nickel-report/dot-issues-final-rule-to-rein...
2026-05-14 22:59:22,941 [INFO] [1027/1171] Skip (exists): article_2c55cf7ba507f35ee45d357d19d49d20.html ← https://www.bbc.com/news/articles/cvgzd4qk7qgo...
2026-05-14 22:59:22,941 [INFO] [1028/1171] Skip (exists): article_8b09ecf5a9dcadd3d5c6c65a1eff4534.html ← https://www.indexbox.io/blog/underwater-welding-equipment-market-forec...
2026-05-14 22:59:22,941 [INFO] [1029/1171] Fetching article: https://www.texastribune.org/2026/04/28/texas-2026-railroad-commission...
2026-05-14 22:59:27,115 [WARNING] Failed (Attempt 1/3): Page.goto: net::ERR_HTTP2_PROTOCOL_ERROR at https://www.texastribune.org/2026/04/28/texas-2026-railroad-commission-gop-runoff-jim-wright-bo-french/
Call log:
  - navigating to "https://www.texastribune.org/2026/04/28/texas-2026-railroad-commission-gop-runoff-jim-wright-bo-french/", waiting until "domcontentloaded"

2026-05-14 22:59:36,272 [WARNING] Failed (Attempt 2/3): Page.goto: net::ERR_HTTP2_PROTOCOL_ERROR at https://www.texastribune.org/2026/04/28/texas-2026-railroad-commission-gop-runoff-jim-wright-bo-french/
Call log:
  - navigating to "https://www.texastribune.org/2026/04/28/texas-2026-railroad-commission-gop-runoff-jim-wright-bo-french/", waiting until "domcontentloaded"

2026-05-14 22:59:45,789 [WARNING] Failed (Attempt 3/3): Page.goto: net::ERR_HTTP2_PROTOCOL_ERROR at https://www.texastribune.org/2026/04/28/texas-2026-railroad-commission-gop-runoff-jim-wright-bo-french/
Call log:
  - navigating to "https://www.texastribune.org/2026/04/28/texas-2026-railroad-commission-gop-runoff-jim-wright-bo-french/", waiting until "domcontentloaded"

2026-05-14 22:59:53,463 [INFO] [1030/1171] Skip (exists): article_d35c2ee53eaaccfa2c139f80667f5791.html ← https://www.thecanadianpressnews.ca/national/feds-formalize-enhanced-o...
2026-05-14 22:59:53,463 [INFO] [1031/1171] Skip (exists): article_6eb5795925fe76c093453d11c4301014.html ← https://www.msn.com/en-xl/africa/nigeria/tinubu-s-reform-gains-rising/...
2026-05-14 22:59:53,463 [INFO] [1032/1171] Skip (exists): article_b2253d8cdbd195325b8bf160bb97f516.html ← https://punchng.com/producers-offer-local-refineries-58-8m-barrels-of-...
2026-05-14 22:59:53,463 [INFO] [1033/1171] Skip (exists): article_516be539d261b837c22215dd7ebc1167.html ← https://businessday.ng/agriculture/article/nigerian-british-chamber-ur...
2026-05-14 22:59:53,463 [INFO] [1034/1171] Skip (exists): article_e22e897975a8ea7a61cc0eb3e7c27ab8.html ← https://punchng.com/fg-issues-licences-for-720000mt-petrol-import/...
2026-05-14 22:59:53,463 [INFO] [1035/1171] Skip (exists): article_c81a3f4cf674e193428a8763a8df48f0.html ← https://www.reuters.com/world/africa/africas-richest-man-dangote-eyes-...
2026-05-14 22:59:53,463 [INFO] [1036/1171] Skip (exists): article_4f201e1beb561d4222f97b79ae262c94.html ← https://www.malaysiasun.com/news/279038691/beyond-hormuz-this-oil-gian...
2026-05-14 22:59:53,463 [INFO] [1037/1171] Skip (exists): article_c97f09e72b1abf14895f7ec1b091facf.html ← https://bantugazette.com/african-capital-must-lead-before-foreign-inve...
2026-05-14 22:59:53,463 [INFO] [1038/1171] Skip (exists): article_df0d682683a648866d94fe98948dd20a.html ← https://www.stocktitan.net/sec-filings/NAT/20-f-nordic-american-tanker...
2026-05-14 22:59:53,463 [INFO] [1039/1171] Skip (exists): article_fbfe493ae63902d1bc22f375dafac521.html ← https://www.msn.com/en-us/news/world/asian-fleets-seen-returning-first...
2026-05-14 22:59:53,463 [INFO] [1040/1171] Skip (exists): article_934de0db0b0a8fdb0f8ad0a2bf31d4a6.html ← https://www.foxnews.com/world/irans-800m-oil-smuggling-scheme-uses-tan...
2026-05-14 22:59:53,463 [INFO] [1041/1171] Skip (exists): article_eadf2ffe85818eda7f7f6cbb4c9e8849.html ← https://www.euronews.com/my-europe/2026/04/29/sweden-confiscates-false...
2026-05-14 22:59:53,463 [INFO] [1042/1171] Skip (exists): article_59562e5116720a5032858afb2664a5f6.html ← https://www.stocktitan.net/sec-filings/IMPP/20-f-imperial-petroleum-in...
2026-05-14 22:59:53,463 [INFO] [1043/1171] Skip (exists): article_cedc7f5fc697a1cbea1d901f2dcc4ffd.html ← https://energynow.com/2026/04/commentary-opening-hormuz-is-the-easy-pa...
2026-05-14 22:59:53,463 [INFO] [1044/1171] Skip (exists): article_e47ee6b8dadfe9c7458679768652d9bf.html ← https://www.penningtonslaw.com/insights/eus-20th-sanctions-package-aga...
2026-05-14 22:59:53,463 [INFO] [1045/1171] Skip (exists): article_d7e9e4947986ad1793c905694613b675.html ← https://www.indexbox.io/blog/fujian-highton-development-expands-mpp-fl...
2026-05-14 22:59:53,463 [INFO] [1046/1171] Skip (exists): article_26acaadcdf0cd7fa58ac4f76791a531b.html ← https://www.stocktitan.net/news/TK/teekay-group-to-announce-first-quar...
2026-05-14 22:59:53,463 [INFO] [1047/1171] Skip (exists): article_e24d9f8686df5938975e3f598944196c.html ← https://www.indexbox.io/blog/shanghai-time-shipping-orders-three-bulk-...
2026-05-14 22:59:53,463 [INFO] [1048/1171] Skip (exists): article_fb26526e9a4701d5deb0429389f3dc6a.html ← https://www.spglobal.com/energy/en/news-research/latest-news/lng/05042...
2026-05-14 22:59:53,464 [INFO] [1049/1171] Skip (exists): article_474937b35787ad13d63baaf82616d86e.html ← https://www.tradingview.com/news/tmx_newsfile:2e5beab33094b:0-tenaz-en...
2026-05-14 22:59:53,464 [INFO] [1050/1171] Skip (exists): article_08711c659b1ca0847c89001f263299e8.html ← https://naturalgasintel.com/news/train-6-feed-gas-approval-marks-lates...
2026-05-14 22:59:53,464 [INFO] [1051/1171] Skip (exists): article_bcf8de62327aaa0fac76d23c8c1471cd.html ← https://www.reuters.com/business/energy/us-drillers-add-oil-gas-rigs-t...
2026-05-14 22:59:53,464 [INFO] [1052/1171] Skip (exists): article_937ebbf06689d2022cc09fc0296801bc.html ← https://energynow.com/2026/03/iran-war-spurs-a-surge-in-stock-sales-fr...
2026-05-14 22:59:53,464 [INFO] [1053/1171] Skip (exists): article_565b6a11b91822f3556545baa75c4d08.html ← https://stockstory.org/us/stocks/nyse/pr/news/earnings/a-look-back-at-...
2026-05-14 22:59:53,464 [INFO] [1054/1171] Skip (exists): article_4b19343332aa7a95bc88f2eefb64547e.html ← https://www.todayville.com/calgary/as-record-crude-production-increase...
2026-05-14 22:59:53,464 [INFO] [1055/1171] Skip (exists): article_549840d5fd7d02eb549d2955dc90952c.html ← https://energynow.com/2026/02/saudi-aramco-bringing-shale-gas-revoluti...
2026-05-14 22:59:53,464 [INFO] [1056/1171] Skip (exists): article_7c40f48f0e5b32fed1ff2887847e2aed.html ← https://www.ad-hoc-news.de/boerse/news/ueberblick/bri-chem-stock-ca117...
2026-05-14 22:59:53,464 [INFO] [1057/1171] Skip (exists): article_41dccc5b629a28a84de2318b2b33dc08.html ← https://mronline.org/2026/04/29/u-s-targets-china-through-iran-oil-blo...
2026-05-14 22:59:53,464 [INFO] [1058/1171] Skip (exists): article_434425b5ec79ddd7495f4d5f97932df1.html ← https://www.msn.com/en-us/money/other/us-threatens-to-sanction-banks-t...
2026-05-14 22:59:53,464 [INFO] [1059/1171] Skip (exists): article_2becb8346478ea6d48b58c4501891cf9.html ← https://www.qcintel.com/article/sinopec-s-q1-oil-product-output-rises-...
2026-05-14 22:59:53,464 [INFO] [1060/1171] Skip (exists): article_c5dff0703b0c18d8a52cd8b9d556f407.html ← https://www.newarab.com/news/us-targets-35-individuals-firms-iran-evas...
2026-05-14 22:59:53,464 [INFO] [1061/1171] Skip (exists): article_ea5739557e19f6d58e60e548ba845217.html ← https://www.businesstimes.com.sg/companies-markets/energy-commodities/...
2026-05-14 22:59:53,464 [INFO] [1062/1171] Skip (exists): article_9a5e5f93989df51868551b5da070fb37.html ← https://www.msn.com/en-in/news/world/us-slaps-sanctions-on-chinas-teap...
2026-05-14 22:59:53,464 [INFO] [1063/1171] Skip (exists): article_fee8eb444e9a2c0b27d6f659253d251a.html ← https://energynow.ca/2026/03/oil-prices-mixed-amid-attacks-on-gulf-exp...
2026-05-14 22:59:53,464 [INFO] [1064/1171] Skip (exists): article_adeafd07039677a518c6daa40539aaa7.html ← https://www.ibtimes.co.uk/trump-strait-hormuz-crisis-1795873...
2026-05-14 22:59:53,464 [INFO] [1065/1171] Skip (exists): article_f1de4656c8b647813660d1493e2a5320.html ← https://www.moomoo.com/news/post/69476759/oil-and-stock-markets-move-i...
2026-05-14 22:59:53,464 [INFO] [1066/1171] Skip (exists): article_847472a7aa06ddcdb447e78f28ebae87.html ← https://news.futunn.com/en/post/72619316/oil-and-stock-markets-move-in...
2026-05-14 22:59:53,464 [INFO] [1067/1171] Skip (exists): article_3d3f9081c47dc64200eb2f8a720f0fe5.html ← https://www.tradingview.com/news/invezz:36c3acc08094b:0-commodity-wrap...
2026-05-14 22:59:53,464 [INFO] [1068/1171] Skip (exists): article_1983fbe9045c879e71f56bb10536586c.html ← https://www.inkl.com/news/dollar-slips-with-crude-oil-on-us-iran-peace...
2026-05-14 22:59:53,464 [INFO] [1069/1171] Skip (exists): article_ce9c3901978b9822f54fa98ac8591e75.html ← https://www.whalesbook.com/news/English/economy/Indias-Rupee-Falls-Sha...
2026-05-14 22:59:53,464 [INFO] [1070/1171] Skip (exists): article_77cd982279432274236f2a8eb601c454.html ← https://discoveryalert.com.au/us-iran-peace-deal-oil-prices-hormuz-ris...
2026-05-14 22:59:53,464 [INFO] [1071/1171] Skip (exists): article_63debf22694b5f60bdc2ceee98c52ef7.html ← https://www.tradingview.com/chart/XAUUSD/uNiS9Unp-New-Shock-in-Gold/...
2026-05-14 22:59:53,464 [INFO] [1072/1171] Skip (exists): article_928073bc2f0d8d785b68fcb629e76573.html ← https://www.reuters.com/business/energy/oil-jumps-us-iran-fail-reach-a...
2026-05-14 22:59:53,464 [INFO] [1073/1171] Skip (exists): article_1daa9ac6cb43c9b62c28d3a9d2616909.html ← https://energynow.com/2026/03/us-oil-exports-seen-rising-as-wti-discou...
2026-05-14 22:59:53,464 [INFO] [1074/1171] Skip (exists): article_63cf81beb7e2ec64ff832ffb59a5403f.html ← https://timesofindia.indiatimes.com/business/international-business/oi...
2026-05-14 22:59:53,464 [INFO] [1075/1171] Skip (exists): article_f7f49385b6cfdd7d7f0806e327d2d818.html ← https://www.wsls.com/business/2026/05/11/asian-shares-are-mixed-and-oi...
2026-05-14 22:59:53,464 [INFO] [1076/1171] Skip (exists): article_f0c94df78cd09de79e54fbaa574c6cac.html ← https://www.wral.com/news/ap/23402-asian-shares-are-mixed-and-oil-jump...
2026-05-14 22:59:53,464 [INFO] [1077/1171] Skip (exists): article_7393f802924c3006fc50ac7c517db86f.html ← https://www.fxempire.com/forecasts/article/oil-news-crude-oil-traders-...
2026-05-14 22:59:53,464 [INFO] [1078/1171] Skip (exists): article_626920aca7ee8ce1514b594abd11b163.html ← https://www.msn.com/en-us/money/markets/brent-crude-oil-forecast-as-ir...
2026-05-14 22:59:53,464 [INFO] [1079/1171] Skip (exists): article_83a99f878690d30b506bb7be9dc3c436.html ← https://www.pipeline-journal.net/news/iraq-begins-work-15-billion-pipe...
2026-05-14 22:59:53,465 [INFO] [1080/1171] Skip (exists): article_6694d4aba415477a727eaf05e93a490c.html ← https://www.pressreader.com/turkey/hurriyet-daily-news-economic-review...
2026-05-14 22:59:53,465 [INFO] [1081/1171] Skip (exists): article_cfaf58bd655dfff96de999fd20f8a87b.html ← https://oilprice.com/Energy/Crude-Oil/Pakistan-Opens-Iran-Land-Corrido...
2026-05-14 22:59:53,465 [INFO] [1082/1171] Skip (exists): article_a87e8fb60dafac6b16e86b0791200af9.html ← https://shafaq.com/en/Economy/Kirkuk-oil-exports-hold-at-200K-bpd-amid...
2026-05-14 22:59:53,465 [INFO] [1083/1171] Skip (exists): article_e072601314428beeaa44f7fdc739677f.html ← https://www.rudaw.net/english/middleeast/iraq/290420263...
2026-05-14 22:59:53,465 [INFO] [1084/1171] Skip (exists): article_976b9b74ee2322a0808e08cc8db28a4d.html ← https://arabcenterdc.org/resource/politics-in-a-parallel-universe-iraq...
2026-05-14 22:59:53,465 [INFO] [1085/1171] Skip (exists): article_11b8c5c6aa99e3d9556def3a9ea3a8ee.html ← https://pemedianetwork.com/petroleum-economist/articles/midstream-down...
2026-05-14 22:59:53,465 [INFO] [1086/1171] Skip (exists): article_112ba85f964261ab3f4554fdecf08a0d.html ← https://thenationaldesk.com/news/americas-news-now/united-arab-emirate...
2026-05-14 22:59:53,465 [INFO] [1087/1171] Skip (exists): article_e9588f31ae0ab2f26cd87a90925e3e91.html ← https://www.msn.com/en-us/money/markets/oil-stocks-slide-premarket-aft...
2026-05-14 22:59:53,465 [INFO] [1088/1171] Skip (exists): article_59a10f9d457a790165893fb657103e57.html ← https://wtov9.com/news/nation-world/gallery/united-arab-emirates-leave...
2026-05-14 22:59:53,465 [INFO] [1089/1171] Skip (exists): article_f64fa492b524e95088b930736d6c6052.html ← https://www.rudaw.net/english/middleeast/iraq/280420262...
2026-05-14 22:59:53,465 [INFO] [1090/1171] Skip (exists): article_611c4d6d8c1755621a4e524ffef89390.html ← https://www.msn.com/en-us/money/markets/us-issues-30-day-waiver-allowi...
2026-05-14 22:59:53,465 [INFO] [1091/1171] Skip (exists): article_cbc7cf328c326df7448abff32940b5fc.html ← https://timesofindia.indiatimes.com/business/india-business/west-asia-...
2026-05-14 22:59:53,465 [INFO] [1092/1171] Skip (exists): article_19ce447f2296288f3ceafeee8bee0790.html ← https://www.ndtv.com/world-news/uae-quits-opec-opec-may-1-impact-on-in...
2026-05-14 22:59:53,465 [INFO] [1093/1171] Skip (exists): article_47b1700e424fc6c642bb06c826f6af3c.html ← https://www.indiatoday.in/india/story/uae-opec-exit-india-oil-imports-...
2026-05-14 22:59:53,465 [INFO] [1094/1171] Skip (exists): article_6eac1051171df98d6fd664058c1d5715.html ← https://www.msn.com/en-in/news/world/india-doesnt-need-permission-to-b...
2026-05-14 22:59:53,465 [INFO] [1095/1171] Skip (exists): article_28459d29342da65dbefdfb1496ca623d.html ← https://www.msn.com/en-in/news/India/factually-incorrect-india-rejects...
2026-05-14 22:59:53,465 [INFO] [1096/1171] Skip (exists): article_e47bab96c58ca0abc78afbb7274345f1.html ← https://www.msn.com/en-in/news/India/india-russia-lng-trade-may-resume...
2026-05-14 22:59:53,465 [INFO] [1097/1171] Skip (exists): article_d2a7e8434b28c0bb2911068934bbce24.html ← https://www.msn.com/en-in/news/India/no-takers-for-iran-oil-why-indias...
2026-05-14 22:59:53,465 [INFO] [1098/1171] Skip (exists): article_a893b202a015b7d4ac1bb72daba7fa9a.html ← https://www.msn.com/en-in/news/world/us-iran-war-impact-emergency-powe...
2026-05-14 22:59:53,465 [INFO] [1099/1171] Skip (exists): article_90f1fc0808b242f1dcd10733581b9d3f.html ← https://www.msn.com/en-in/money/topstories/india-s-russian-oil-buys-ju...
2026-05-14 22:59:53,465 [INFO] [1100/1171] Skip (exists): article_c70fc27eed9ef9416cb6d43a13b2446c.html ← https://www.hudson.org/foreign-policy/indias-west-asian-dilemma-aparna...
2026-05-14 22:59:53,465 [INFO] [1101/1171] Skip (exists): article_8b97304f29868d5e71894c0ab41e3756.html ← https://blogs.timesofisrael.com/israels-somaliland-gambit-red-sea-powe...
2026-05-14 22:59:53,465 [INFO] [1102/1171] Skip (exists): article_b66d376e7d78a2aa85d6ff8f5357f779.html ← https://www.dw.com/en/the-weaponization-of-shipping-channels/a-7710849...
2026-05-14 22:59:53,465 [INFO] [1103/1171] Skip (exists): article_f7217c45690192199da6f3203fd202a3.html ← https://houseofsaud.com/war-made-red-sea-saudi-front-door/...
2026-05-14 22:59:53,465 [INFO] [1104/1171] Skip (exists): article_ca2d6cb7a73a8ab8c0c403d24dd768f8.html ← https://energynow.ca/2026/03/commentary-crude-oil-and-lng-supply-are-a...
2026-05-14 22:59:53,465 [INFO] [1105/1171] Skip (exists): article_7689e99f68d603f1efa759258ee2367c.html ← https://capetimes.co.za/news/brics/2026-03-19-brics-series-global-trad...
2026-05-14 22:59:53,465 [INFO] [1106/1171] Skip (exists): article_ed4ed418dd467b8adc4be72243b50bf5.html ← https://www.business-standard.com/blueprint-defence-magazine/reports/t...
2026-05-14 22:59:53,465 [INFO] [1107/1171] Skip (exists): article_b100abbf29a898787bebd5949ed5c25e.html ← https://www.itamilradar.com/2026/05/09/french-air-force-a330-mrtt-supp...
2026-05-14 22:59:53,465 [INFO] [1108/1171] Skip (exists): article_c572d9411e1edfbf79e64f3969dec677.html ← https://www.investing.com/news/stock-market-news/adp-jobs-report-and-c...
2026-05-14 22:59:53,465 [INFO] [1109/1171] Skip (exists): article_3af113a044f9e180f23182e9f8722825.html ← https://www.tradingview.com/symbols/CMCMARKETS-RBOBGASOLINE1%21/ideas/...
2026-05-14 22:59:53,465 [INFO] [1110/1171] Skip (exists): article_cd54c4bb54c70df02cf2ac198aea75af.html ← https://www.tovima.com/world/europe-struggles-to-track-fuel-stocks-ami...
2026-05-14 22:59:53,465 [INFO] [1111/1171] Skip (exists): article_bb93fbceaf1062f3d792f4ca0c3da8ed.html ← https://www.politico.eu/article/europe-fuel-supply-problem/...
2026-05-14 22:59:53,466 [INFO] [1112/1171] Skip (exists): article_21904415ac8ff09cce945a4ab317bedc.html ← https://thepeopleseconomist.substack.com/p/how-a-broader-crackdown-on-...
2026-05-14 22:59:53,466 [INFO] [1113/1171] Skip (exists): article_8ce7e5e3695f131f85ba06eb026080ca.html ← https://www.travelandtourworld.com/news/article/storms-over-the-atlant...
2026-05-14 22:59:53,466 [INFO] [1114/1171] Skip (exists): article_325ac30318c422e6eff670f151eca6c3.html ← https://economy.ac/review/2026/05/202605288954...
2026-05-14 22:59:53,466 [INFO] [1115/1171] Skip (exists): article_6a233f8e015e02ba3787d773f21f0010.html ← https://oilprice.com/Energy/Energy-General/UK-Faces-Summer-Flight-Disr...
2026-05-14 22:59:53,466 [INFO] [1116/1171] Skip (exists): article_f9ae9842101594db4a41ceb59efab21d.html ← https://www.msn.com/en-in/news/insight/air-india-cuts-100-daily-flight...
2026-05-14 22:59:53,466 [INFO] [1117/1171] Skip (exists): article_3645541227103f5f53327895df064f2c.html ← https://lifestyle.inquirer.net/570491/ticket-price-hikes-not-affecting...
2026-05-14 22:59:53,466 [INFO] [1118/1171] Skip (exists): article_005d2a9ac1b02563eafe94efc567911d.html ← https://www.bbc.com/news/articles/cj4pxr0gr02o...
2026-05-14 22:59:53,466 [INFO] [1119/1171] Skip (exists): article_bcbcf586f13ee694a2642fc4b1211a81.html ← https://www.economist.com/insider/the-insider/the-great-oil-market-puz...
2026-05-14 22:59:53,466 [INFO] [1120/1171] Skip (exists): article_c212a2fa315bf21dde88efc2009bb8cf.html ← https://fortune.com/article/price-of-oil-04-29-2026/...
2026-05-14 22:59:53,466 [INFO] [1121/1171] Skip (exists): article_d31f57e72fcf7e4a1144af0b5bea96f3.html ← https://oilprice.com/Energy/Crude-Oil/Oil-Rallies-Toward-120-As-Middle...
2026-05-14 22:59:53,466 [INFO] [1122/1171] Skip (exists): article_592023702417c3fc4e863e4952960112.html ← https://www.businessinsider.com/oil-price-today-brent-wti-iran-war-blo...
2026-05-14 22:59:53,466 [INFO] [1123/1171] Skip (exists): article_d6f4e1f6d133edd5a7c921ac0c384d61.html ← https://www.wsj.com/finance/commodities-futures/oil-falls-on-uaes-plan...
2026-05-14 22:59:53,466 [INFO] [1124/1171] Skip (exists): article_d199d5eab2c060b7ceb5feb4952a93e3.html ← https://www.nytimes.com/2026/04/29/business/oil-gas-prices-iran.html...
2026-05-14 22:59:53,466 [INFO] [1125/1171] Skip (exists): article_faba7e292fce1c977ff9d386b6dd837c.html ← https://www.cnbc.com/2026/04/29/oil-prices-brent-wti-trump-iran.html...
2026-05-14 22:59:53,466 [INFO] [1126/1171] Skip (exists): article_2724f5d2461aed418ad927baea61e227.html ← https://m.economictimes.com/news/international/us/why-are-oil-prices-u...
2026-05-14 22:59:53,466 [INFO] [1127/1171] Skip (exists): article_006620db7ffcf5e1c990bfec8334db3b.html ← https://www.reuters.com/business/energy/us-crude-stocks-gasoline-disti...
2026-05-14 22:59:53,466 [INFO] [1128/1171] Skip (exists): article_de0413abafd90050a8f6f52c1d3e614e.html ← https://www.britannica.com/event/Yemeni-Civil-War...
2026-05-14 22:59:53,466 [INFO] [1129/1171] Skip (exists): article_cd3dcff8673b4b6b0d9e4d3ac5d29a9e.html ← https://www.bloomberg.com/news/newsletters/2026-05-06/next-africa-ship...
2026-05-14 22:59:53,466 [INFO] [1130/1171] Skip (exists): article_deeae64731aab9d60f142a4cd847a4b5.html ← https://contrarianunicus.substack.com/p/who-controls-the-choke-points-...
2026-05-14 22:59:53,466 [INFO] [1131/1171] Skip (exists): article_33792973e423fcb93bda4e581d4c113b.html ← https://fmes-france.org/the-red-sea-power-game-israels-recognition-of-...
2026-05-14 22:59:53,466 [INFO] [1132/1171] Skip (exists): article_e3bed2049f8c533e91ced15b12143865.html ← https://northafricapost.com/96815-egypt-loses-10bn-in-suez-canal-reven...
2026-05-14 22:59:53,466 [INFO] [1133/1171] Skip (exists): article_526db38304bce5bad6aa7a774093b7d0.html ← https://www.marketscreener.com/news/maersk-first-quarter-profit-beats-...
2026-05-14 22:59:53,466 [INFO] [1134/1171] Skip (exists): article_443f3434167ed823d9dd6dd91b277c09.html ← https://streamlinefeed.co.ke/news/us-to-lift-eritrea-sanctions-as-red-...
2026-05-14 22:59:53,466 [INFO] [1135/1171] Skip (exists): article_14647380d66c19da59aff21506ee731d.html ← https://www.zawya.com/en/business/transport-and-logistics/maersk-profi...
2026-05-14 22:59:53,466 [INFO] [1136/1171] Skip (exists): article_bd76a8744e9aaf68e6f0ca6ac5943bda.html ← https://www.businesstimes.com.sg/companies-markets/transport-logistics...
2026-05-14 22:59:53,466 [INFO] [1137/1171] Skip (exists): article_4caa30e6101cdd81780f76ca46fff72e.html ← https://www.straitstimes.com/asia/sea-lanes-are-being-disrupted-and-an...
2026-05-14 22:59:53,466 [INFO] [1138/1171] Skip (exists): article_8d604b5d5e90008580f26abbe5f94a37.html ← https://www.msn.com/en-us/news/insight/chinese-tanker-hit-near-hormuz-...
2026-05-14 22:59:53,466 [INFO] [1139/1171] Skip (exists): article_1cc5b7696db190ec4f16feb98b65de91.html ← https://www.msn.com/en-us/news/insight/us-pauses-hormuz-escorts-as-ira...
2026-05-14 22:59:53,466 [INFO] [1140/1171] Skip (exists): article_207c584f4266901aba41efe4112dac5e.html ← https://energynow.com/2026/03/core-differences-between-wti-and-brent-a...
2026-05-14 22:59:53,466 [INFO] [1141/1171] Skip (exists): article_9607af2b72199f1d444e0b8fc5869973.html ← https://www.aljazeera.com/economy/2026/5/8/oil-prices-jump-as-us-iran-...
2026-05-14 22:59:53,466 [INFO] [1142/1171] Skip (exists): article_4d6c5b69c2149273a0e8ff684400f65b.html ← https://oilprice.com/Latest-Energy-News/World-News/Oil-Prices-Jump-Aft...
2026-05-14 22:59:53,466 [INFO] [1143/1171] Skip (exists): article_4393fdf8b14dd552604dad62a812b10d.html ← https://www.mcall.com/2026/05/07/gas-prices-continue-upward-trend-whil...
2026-05-14 22:59:53,467 [INFO] [1144/1171] Skip (exists): article_7b1901bf8a1f5000b862160773a2533c.html ← https://www.wsj.com/finance/commodities-futures/oil-futures-rise-on-li...
2026-05-14 22:59:53,467 [INFO] [1145/1171] Skip (exists): article_1b5cf5f5ecad13b39de8afb66fe3bddf.html ← https://www.cnbc.com/2026/05/06/gold-jumps-on-weaker-dollar-middle-eas...
2026-05-14 22:59:53,467 [INFO] [1146/1171] Skip (exists): article_ce63b574471bfd9daf66d62f87101d24.html ← https://www.profarmer.com/news/first-thing-today/first-thing-today-gra...
2026-05-14 22:59:53,467 [INFO] [1147/1171] Skip (exists): article_801a72aa9239baa8e57a1b5701054e01.html ← https://www.msn.com/en-us/money/markets/there-are-plenty-of-reasons-th...
2026-05-14 22:59:53,467 [INFO] [1148/1171] Skip (exists): article_70ee0b630dc95d30d039e1960a6f9845.html ← https://etfdb.com/leveraged-inverse-content-hub/top-performing-leverag...
2026-05-14 22:59:53,467 [INFO] [1149/1171] Skip (exists): article_63b91146e3c47e391367b35ada28b9c6.html ← https://www.theglobeandmail.com/investing/article-canadian-dollar-dips...
2026-05-14 22:59:53,467 [INFO] [1150/1171] Skip (exists): article_c06b5d7f6fe2df07461b0f9ce607ce2f.html ← https://www.cnbcafrica.com/2026/nigerias-dangote-oil-refinery-running-...
2026-05-14 22:59:53,467 [INFO] [1151/1171] Skip (exists): article_cf4b14f512d12ef3f6493dd3377b3be0.html ← https://www.qcintel.com/article/dangote-cushions-european-fuel-crisis-...
2026-05-14 22:59:53,467 [INFO] [1152/1171] Skip (exists): article_3be26b11ab1890273a6df0c9f7beb93a.html ← https://www.cnbc.com/2026/04/29/uae-opec-exit-oil-iran-war.html...
2026-05-14 22:59:53,467 [INFO] [1153/1171] Skip (exists): article_a583bfb32eebf8403713f9eb8bb8045d.html ← https://www.msn.com/en-xl/africa/nigeria/jet-a1-europe-turns-to-nigeri...
2026-05-14 22:59:53,467 [INFO] [1154/1171] Skip (exists): article_ba2b3ed7e3f4f7bdbc873ff9efc9386e.html ← https://businessday.ng/africa/article/why-tanzania-is-the-next-target-...
2026-05-14 22:59:53,467 [INFO] [1155/1171] Skip (exists): article_40b021dac77b4f9601d2caf32dd1bf5c.html ← https://energynews.pro/en/nigeria-caps-jet-fuel-prices-to-prevent-airl...
2026-05-14 22:59:53,467 [INFO] [1156/1171] Skip (exists): article_85cb8c6505268da51e388c2b0f9d4c0d.html ← https://www.theafricareport.com/416461/east-africa-dangotes-tanga-refi...
2026-05-14 22:59:53,467 [INFO] [1157/1171] Skip (exists): article_53951ce5ad9f2e1ae6cf9d3e1ad00eaa.html ← https://peopledaily.digital/business/ruto-reveals-key-details-of-dango...
2026-05-14 22:59:53,467 [INFO] [1158/1171] Skip (exists): article_a7fb2ef1b49b8b17b3c7b93c00a953f5.html ← https://www.arise.tv/david-bird-dangote-refinerys-scale-up-will-force-...
2026-05-14 22:59:53,467 [INFO] [1159/1171] Skip (exists): article_38f9d96c94982dea1decb19fae327d86.html ← https://africaoilgasreport.com/2026/04/opinion/reopening-fuel-imports-...
2026-05-14 22:59:53,467 [INFO] [1160/1171] Skip (exists): article_1a4a0d10f715370c7aaaab6b7cfac789.html ← https://www.msn.com/en-ca/news/insight/poilievre-slams-carney-as-trump...
2026-05-14 22:59:53,467 [INFO] [1161/1171] Skip (exists): article_598b2af62670df72f6fb29a1944a7a07.html ← https://finance.yahoo.com/sectors/energy/articles/iraq-offers-discount...
2026-05-14 22:59:53,467 [INFO] [1162/1171] Skip (exists): article_619f07db67a8664a5113b1241fbca654.html ← https://thediplomat.com/2026/05/malaysias-hotline-to-tehran/...
2026-05-14 22:59:53,467 [INFO] [1163/1171] Skip (exists): article_e19843b0068de7c14d0939a534792874.html ← https://www.bloomberg.com/news/articles/2026-05-06/trump-administratio...
2026-05-14 22:59:53,467 [INFO] [1164/1171] Skip (exists): article_6db60e52af8ed6db6bb0c2cfc7661401.html ← https://simplywall.st/stocks/us/energy/nyse-stng/scorpio-tankers/news/...
2026-05-14 22:59:53,467 [INFO] [1165/1171] Skip (exists): article_873325ba23f6e6383aa21c0fafeb5271.html ← https://www.forbes.com/councils/forbesbusinesscouncil/2026/05/06/how-m...
2026-05-14 22:59:53,467 [INFO] [1166/1171] Skip (exists): article_d513747a24fe0d7b94360385da341d46.html ← https://indianexpress.com/article/explained/explained-law/what-are-sha...
2026-05-14 22:59:53,467 [INFO] [1167/1171] Skip (exists): article_2e3a2b600ebe937834cfc859b094c568.html ← https://www.thenewlede.org/2026/05/farm-country-critics-balk-at-carbon...
2026-05-14 22:59:53,467 [INFO] [1168/1171] Skip (exists): article_cd25fb764c4203cd0b104e7f11534b0a.html ← https://carboncredits.com/the-ultimate-guide-to-understanding-carbon-c...
2026-05-14 22:59:53,467 [INFO] [1169/1171] Skip (exists): article_e00616e64a70010789e48723030e6e43.html ← https://northdakotamonitor.com/2026/05/07/north-dakota-energy-research...
2026-05-14 22:59:53,467 [INFO] [1170/1171] Skip (exists): article_daac7351dd3b764dd21007e7384da2ca.html ← https://www.openpr.com/news/4506012/environmental-remediation-market-o...
2026-05-14 22:59:53,467 [INFO] [1171/1171] Skip (exists): article_0f568a78c085e6abb3d4e777ff0a642a.html ← https://bernama.com/misc/rss/news.php?id=2554164...
2026-05-14 22:59:53,511 [INFO] Parsed→raw complete. Manifest: /Users/gabrielledecuir/Desktop/Info Retrieval & Web Agents/information_retrieval_final_project/raw_articles/article_manifest_from_parsed.json (entries=1171)  downloaded=235 skipped=917 failed=19
